duration,protocol_type,service,flag,src_bytes,dst_bytes,land,wrong_fragment,urgent,hot,num_failed_logins,logged_in,num_compromised,root_shell,su_attempted,num_root,num_file_creations,num_shells,num_access_files,num_outbound_cmds,is_host_login,is_guest_login,count,srv_count,serror_rate,srv_serror_rate,rerror_rate,srv_rerror_rate,same_srv_rate,diff_srv_rate,srv_diff_host_rate,dst_host_count,dst_host_srv_count,dst_host_same_srv_rate,dst_host_diff_srv_rate,dst_host_same_src_port_rate,dst_host_srv_diff_host_rate,dst_host_serror_rate,dst_host_srv_serror_rate,dst_host_rerror_rate,dst_host_srv_rerror_rate,label
8.455113,icmp,other,SF,882,882,0,0,0,0,0,0,0,0,0,0,0,0,0,0,0,0,31,345,0.0,0.0,0.0,0.0,0.5267283614589003,0.47327163854109966,1.0,500,345,0.0,0.0,0.0,0.0,0.0,0.0,0.0,0.0,0
8.465497,icmp,port5353,SF,882,969,0,0,0,0,0,0,0,0,0,0,0,0,0,0,0,0,29,51,0.0,0.0,0.0,0.0,0.10718562874251497,0.892814371257485,1.0,500,51,0.0,0.0,0.0,0.0,0.0,0.0,0.0,0.0,0
8.192066,icmp,other,SF,882,882,0,0,0,0,0,0,0,0,0,0,0,0,0,0,0,0,27,345,0.0,0.0,0.0,0.0,0.5267283614589003,0.47327163854109966,1.0,500,345,0.0,0.0,0.0,0.0,0.0,0.0,0.0,0.0,0
8.996113,icmp,other,SF,882,882,0,0,0,0,0,0,0,0,0,0,0,0,0,0,0,0,31,345,0.0,0.0,0.0,0.0,0.5267283614589003,0.47327163854109966,1.0,500,345,0.0,0.0,0.0,0.0,0.0,0.0,0.0,0.0,0
1758807660.871761,other,dns,SF,261,0,0,0,0,0,0,0,0,0,0,0,0,0,0,0,0,0,4529,97,0.0,0.0,0.0,0.0,0.35220468154599893,0.6477953184540011,1.0,500,97,0.0,0.0,0.0,0.0,0.0,0.0,0.0,0.0,1
8.845156,icmp,other,SF,882,882,0,0,0,0,0,0,0,0,0,0,0,0,0,0,0,0,27,345,0.0,0.0,0.0,0.0,0.5267283614589003,0.47327163854109966,1.0,500,345,0.0,0.0,0.0,0.0,0.0,0.0,0.0,0.0,0
8.70543,icmp,port5353,SF,882,882,0,0,0,0,0,0,0,0,0,0,0,0,0,0,0,0,41,51,0.0,0.0,0.0,0.0,0.10718562874251497,0.892814371257485,1.0,500,51,0.0,0.0,0.0,0.0,0.0,0.0,0.0,0.0,0
8.606773,icmp,other,SF,882,882,0,0,0,0,0,0,0,0,0,0,0,0,0,0,0,0,27,345,0.0,0.0,0.0,0.0,0.5267283614589003,0.47327163854109966,1.0,500,345,0.0,0.0,0.0,0.0,0.0,0.0,0.0,0.0,0
8.449266,icmp,other,SF,882,882,0,0,0,0,0,0,0,0,0,0,0,0,0,0,0,0,27,345,0.0,0.0,0.0,0.0,0.5267283614589003,0.47327163854109966,1.0,500,345,0.0,0.0,0.0,0.0,0.0,0.0,0.0,0.0,0
12.287359,other,dns,SF,261,0,0,0,0,0,0,0,0,0,0,0,0,0,0,0,0,0,20,97,0.0,0.0,0.0,0.0,0.35220468154599893,0.6477953184540011,1.0,500,97,0.0,0.0,0.0,0.0,0.0,0.0,0.0,0.0,1
8.208754,icmp,other,SF,882,882,0,0,0,0,0,0,0,0,0,0,0,0,0,0,0,0,29,345,0.0,0.0,0.0,0.0,0.5267283614589003,0.47327163854109966,1.0,500,345,0.0,0.0,0.0,0.0,0.0,0.0,0.0,0.0,0
8.192199,icmp,other,SF,882,882,0,0,0,0,0,0,0,0,0,0,0,0,0,0,0,0,27,345,0.0,0.0,0.0,0.0,0.5267283614589003,0.47327163854109966,1.0,500,345,0.0,0.0,0.0,0.0,0.0,0.0,0.0,0.0,0
8.959881,icmp,other,SF,882,882,0,0,0,0,0,0,0,0,0,0,0,0,0,0,0,0,29,345,0.0,0.0,0.0,0.0,0.5267283614589003,0.47327163854109966,1.0,500,345,0.0,0.0,0.0,0.0,0.0,0.0,0.0,0.0,0
8.771028,icmp,other,SF,882,882,0,0,0,0,0,0,0,0,0,0,0,0,0,0,0,0,27,345,0.0,0.0,0.0,0.0,0.5267283614589003,0.47327163854109966,1.0,500,345,0.0,0.0,0.0,0.0,0.0,0.0,0.0,0.0,0
12.288048,other,dns,SF,261,0,0,0,0,0,0,0,0,0,0,0,0,0,0,0,0,0,20,97,0.0,0.0,0.0,0.0,0.35220468154599893,0.6477953184540011,1.0,500,97,0.0,0.0,0.0,0.0,0.0,0.0,0.0,0.0,1
8.489211,icmp,other,SF,882,882,0,0,0,0,0,0,0,0,0,0,0,0,0,0,0,0,29,345,0.0,0.0,0.0,0.0,0.5267283614589003,0.47327163854109966,1.0,500,345,0.0,0.0,0.0,0.0,0.0,0.0,0.0,0.0,0
8.324825,icmp,port5353,SF,882,882,0,0,0,0,0,0,0,0,0,0,0,0,0,0,0,0,39,51,0.0,0.0,0.0,0.0,0.10718562874251497,0.892814371257485,1.0,500,51,0.0,0.0,0.0,0.0,0.0,0.0,0.0,0.0,0
8.991316,icmp,other,SF,882,882,0,0,0,0,0,0,0,0,0,0,0,0,0,0,0,0,29,345,0.0,0.0,0.0,0.0,0.5267283614589003,0.47327163854109966,1.0,500,345,0.0,0.0,0.0,0.0,0.0,0.0,0.0,0.0,0
8.192747,icmp,other,SF,882,882,0,0,0,0,0,0,0,0,0,0,0,0,0,0,0,0,27,345,0.0,0.0,0.0,0.0,0.5267283614589003,0.47327163854109966,1.0,500,345,0.0,0.0,0.0,0.0,0.0,0.0,0.0,0.0,0
12.288133,other,dns,SF,261,0,0,0,0,0,0,0,0,0,0,0,0,0,0,0,0,0,20,97,0.0,0.0,0.0,0.0,0.35220468154599893,0.6477953184540011,1.0,500,97,0.0,0.0,0.0,0.0,0.0,0.0,0.0,0.0,1
8.802659,icmp,other,SF,882,882,0,0,0,0,0,0,0,0,0,0,0,0,0,0,0,0,29,345,0.0,0.0,0.0,0.0,0.5267283614589003,0.47327163854109966,1.0,500,345,0.0,0.0,0.0,0.0,0.0,0.0,0.0,0.0,0
8.648705,icmp,other,SF,882,882,0,0,0,0,0,0,0,0,0,0,0,0,0,0,0,0,29,345,0.0,0.0,0.0,0.0,0.5267283614589003,0.47327163854109966,1.0,500,345,0.0,0.0,0.0,0.0,0.0,0.0,0.0,0.0,0
8.497935,icmp,other,SF,882,882,0,0,0,0,0,0,0,0,0,0,0,0,0,0,0,0,27,345,0.0,0.0,0.0,0.0,0.5267283614589003,0.47327163854109966,1.0,500,345,0.0,0.0,0.0,0.0,0.0,0.0,0.0,0.0,0
8.353391,icmp,other,SF,882,882,0,0,0,0,0,0,0,0,0,0,0,0,0,0,0,0,27,345,0.0,0.0,0.0,0.0,0.5267283614589003,0.47327163854109966,1.0,500,345,0.0,0.0,0.0,0.0,0.0,0.0,0.0,0.0,0
12.288026,other,dns,SF,261,0,0,0,0,0,0,0,0,0,0,0,0,0,0,0,0,0,20,97,0.0,0.0,0.0,0.0,0.35220468154599893,0.6477953184540011,1.0,500,97,0.0,0.0,0.0,0.0,0.0,0.0,0.0,0.0,1
8.192315,icmp,other,SF,882,882,0,0,0,0,0,0,0,0,0,0,0,0,0,0,0,0,29,345,0.0,0.0,0.0,0.0,0.5267283614589003,0.47327163854109966,1.0,500,345,0.0,0.0,0.0,0.0,0.0,0.0,0.0,0.0,0
8.964845,icmp,port5353,SF,882,882,0,0,0,0,0,0,0,0,0,0,0,0,0,0,0,0,41,51,0.0,0.0,0.0,0.0,0.10718562874251497,0.892814371257485,1.0,500,51,0.0,0.0,0.0,0.0,0.0,0.0,0.0,0.0,0
8.804076,icmp,other,SF,882,882,0,0,0,0,0,0,0,0,0,0,0,0,0,0,0,0,27,345,0.0,0.0,0.0,0.0,0.5267283614589003,0.47327163854109966,1.0,500,345,0.0,0.0,0.0,0.0,0.0,0.0,0.0,0.0,0
8.669539,icmp,other,SF,882,882,0,0,0,0,0,0,0,0,0,0,0,0,0,0,0,0,27,345,0.0,0.0,0.0,0.0,0.5267283614589003,0.47327163854109966,1.0,500,345,0.0,0.0,0.0,0.0,0.0,0.0,0.0,0.0,0
12.288101,other,dns,SF,261,0,0,0,0,0,0,0,0,0,0,0,0,0,0,0,0,0,20,97,0.0,0.0,0.0,0.0,0.35220468154599893,0.6477953184540011,1.0,500,97,0.0,0.0,0.0,0.0,0.0,0.0,0.0,0.0,1
8.40768,icmp,other,SF,882,882,0,0,0,0,0,0,0,0,0,0,0,0,0,0,0,0,29,345,0.0,0.0,0.0,0.0,0.5267283614589003,0.47327163854109966,1.0,500,345,0.0,0.0,0.0,0.0,0.0,0.0,0.0,0.0,0
8.298199,icmp,other,SF,882,882,0,0,0,0,0,0,0,0,0,0,0,0,0,0,0,0,29,345,0.0,0.0,0.0,0.0,0.5267283614589003,0.47327163854109966,1.0,500,345,0.0,0.0,0.0,0.0,0.0,0.0,0.0,0.0,0
8.191426,icmp,other,SF,882,882,0,0,0,0,0,0,0,0,0,0,0,0,0,0,0,0,27,345,0.0,0.0,0.0,0.0,0.5267283614589003,0.47327163854109966,1.0,500,345,0.0,0.0,0.0,0.0,0.0,0.0,0.0,0.0,0
8.013441,icmp,other,SF,882,882,0,0,0,0,0,0,0,0,0,0,0,0,0,0,0,0,26,345,0.0,0.0,0.0,0.0,0.5267283614589003,0.47327163854109966,1.0,500,345,0.0,0.0,0.0,0.0,0.0,0.0,0.0,0.0,0
12.289311,other,dns,SF,261,0,0,0,0,0,0,0,0,0,0,0,0,0,0,0,0,0,20,97,0.0,0.0,0.0,0.0,0.35220468154599893,0.6477953184540011,1.0,500,97,0.0,0.0,0.0,0.0,0.0,0.0,0.0,0.0,1
8.732581,icmp,other,SF,882,882,0,0,0,0,0,0,0,0,0,0,0,0,0,0,0,0,29,345,0.0,0.0,0.0,0.0,0.5267283614589003,0.47327163854109966,1.0,500,345,0.0,0.0,0.0,0.0,0.0,0.0,0.0,0.0,0
8.569117,icmp,port5353,SF,882,882,0,0,0,0,0,0,0,0,0,0,0,0,0,0,0,0,41,51,0.0,0.0,0.0,0.0,0.10718562874251497,0.892814371257485,1.0,500,51,0.0,0.0,0.0,0.0,0.0,0.0,0.0,0.0,0
8.419918,icmp,other,SF,882,882,0,0,0,0,0,0,0,0,0,0,0,0,0,0,0,0,27,345,0.0,0.0,0.0,0.0,0.5267283614589003,0.47327163854109966,1.0,500,345,0.0,0.0,0.0,0.0,0.0,0.0,0.0,0.0,0
8.908994,icmp,other,SF,882,882,0,0,0,0,0,0,0,0,0,0,0,0,0,0,0,0,29,345,0.0,0.0,0.0,0.0,0.5267283614589003,0.47327163854109966,1.0,500,345,0.0,0.0,0.0,0.0,0.0,0.0,0.0,0.0,0
12.288813,other,dns,SF,261,0,0,0,0,0,0,0,0,0,0,0,0,0,0,0,0,0,21,97,0.0,0.0,0.0,0.0,0.35220468154599893,0.6477953184540011,1.0,500,97,0.0,0.0,0.0,0.0,0.0,0.0,0.0,0.0,1
8.192194,icmp,other,SF,882,882,0,0,0,0,0,0,0,0,0,0,0,0,0,0,0,0,29,345,0.0,0.0,0.0,0.0,0.5267283614589003,0.47327163854109966,1.0,500,345,0.0,0.0,0.0,0.0,0.0,0.0,0.0,0.0,0
8.921615,icmp,other,SF,882,882,0,0,0,0,0,0,0,0,0,0,0,0,0,0,0,0,27,345,0.0,0.0,0.0,0.0,0.5267283614589003,0.47327163854109966,1.0,500,345,0.0,0.0,0.0,0.0,0.0,0.0,0.0,0.0,0
8.809009,icmp,other,SF,882,882,0,0,0,0,0,0,0,0,0,0,0,0,0,0,0,0,29,345,0.0,0.0,0.0,0.0,0.5267283614589003,0.47327163854109966,1.0,500,345,0.0,0.0,0.0,0.0,0.0,0.0,0.0,0.0,0
8.659078,icmp,other,SF,882,882,0,0,0,0,0,0,0,0,0,0,0,0,0,0,0,0,27,345,0.0,0.0,0.0,0.0,0.5267283614589003,0.47327163854109966,1.0,500,345,0.0,0.0,0.0,0.0,0.0,0.0,0.0,0.0,0
12.287978,other,dns,SF,261,0,0,0,0,0,0,0,0,0,0,0,0,0,0,0,0,0,20,97,0.0,0.0,0.0,0.0,0.35220468154599893,0.6477953184540011,1.0,500,97,0.0,0.0,0.0,0.0,0.0,0.0,0.0,0.0,1
8.407635,icmp,other,SF,882,882,0,0,0,0,0,0,0,0,0,0,0,0,0,0,0,0,29,345,0.0,0.0,0.0,0.0,0.5267283614589003,0.47327163854109966,1.0,500,345,0.0,0.0,0.0,0.0,0.0,0.0,0.0,0.0,0
8.312756,icmp,port5353,SF,882,882,0,0,0,0,0,0,0,0,0,0,0,0,0,0,0,0,31,51,0.0,0.0,0.0,0.0,0.10718562874251497,0.892814371257485,1.0,500,51,0.0,0.0,0.0,0.0,0.0,0.0,0.0,0.0,0
8.19295,icmp,other,SF,882,882,0,0,0,0,0,0,0,0,0,0,0,0,0,0,0,0,29,345,0.0,0.0,0.0,0.0,0.5267283614589003,0.47327163854109966,1.0,500,345,0.0,0.0,0.0,0.0,0.0,0.0,0.0,0.0,0
8.977706,icmp,other,SF,882,882,0,0,0,0,0,0,0,0,0,0,0,0,0,0,0,0,27,345,0.0,0.0,0.0,0.0,0.5267283614589003,0.47327163854109966,1.0,500,345,0.0,0.0,0.0,0.0,0.0,0.0,0.0,0.0,0
12.288526,other,dns,SF,261,0,0,0,0,0,0,0,0,0,0,0,0,0,0,0,0,0,20,97,0.0,0.0,0.0,0.0,0.35220468154599893,0.6477953184540011,1.0,500,97,0.0,0.0,0.0,0.0,0.0,0.0,0.0,0.0,1
8.730216,icmp,other,SF,882,882,0,0,0,0,0,0,0,0,0,0,0,0,0,0,0,0,29,345,0.0,0.0,0.0,0.0,0.5267283614589003,0.47327163854109966,1.0,500,345,0.0,0.0,0.0,0.0,0.0,0.0,0.0,0.0,0
8.572467,icmp,other,SF,882,882,0,0,0,0,0,0,0,0,0,0,0,0,0,0,0,0,27,345,0.0,0.0,0.0,0.0,0.5267283614589003,0.47327163854109966,1.0,500,345,0.0,0.0,0.0,0.0,0.0,0.0,0.0,0.0,0
8.418871,icmp,other,SF,882,882,0,0,0,0,0,0,0,0,0,0,0,0,0,0,0,0,29,345,0.0,0.0,0.0,0.0,0.5267283614589003,0.47327163854109966,1.0,500,345,0.0,0.0,0.0,0.0,0.0,0.0,0.0,0.0,0
8.908267,icmp,other,SF,882,882,0,0,0,0,0,0,0,0,0,0,0,0,0,0,0,0,29,345,0.0,0.0,0.0,0.0,0.5267283614589003,0.47327163854109966,1.0,500,345,0.0,0.0,0.0,0.0,0.0,0.0,0.0,0.0,0
12.288245,other,dns,SF,261,0,0,0,0,0,0,0,0,0,0,0,0,0,0,0,0,0,20,97,0.0,0.0,0.0,0.0,0.35220468154599893,0.6477953184540011,1.0,500,97,0.0,0.0,0.0,0.0,0.0,0.0,0.0,0.0,1
8.203564,icmp,other,SF,882,882,0,0,0,0,0,0,0,0,0,0,0,0,0,0,0,0,29,345,0.0,0.0,0.0,0.0,0.5267283614589003,0.47327163854109966,1.0,500,345,0.0,0.0,0.0,0.0,0.0,0.0,0.0,0.0,0
8.867003,icmp,other,SF,882,882,0,0,0,0,0,0,0,0,0,0,0,0,0,0,0,0,27,345,0.0,0.0,0.0,0.0,0.5267283614589003,0.47327163854109966,1.0,500,345,0.0,0.0,0.0,0.0,0.0,0.0,0.0,0.0,0
8.924907,icmp,port5353,SF,882,882,0,0,0,0,0,0,0,0,0,0,0,0,0,0,0,0,33,51,0.0,0.0,0.0,0.0,0.10718562874251497,0.892814371257485,1.0,500,51,0.0,0.0,0.0,0.0,0.0,0.0,0.0,0.0,0
8.545149,icmp,other,SF,882,882,0,0,0,0,0,0,0,0,0,0,0,0,0,0,0,0,27,345,0.0,0.0,0.0,0.0,0.5267283614589003,0.47327163854109966,1.0,500,345,0.0,0.0,0.0,0.0,0.0,0.0,0.0,0.0,0
12.2875,other,dns,SF,261,0,0,0,0,0,0,0,0,0,0,0,0,0,0,0,0,0,20,97,0.0,0.0,0.0,0.0,0.35220468154599893,0.6477953184540011,1.0,500,97,0.0,0.0,0.0,0.0,0.0,0.0,0.0,0.0,1
8.287703,icmp,other,SF,882,882,0,0,0,0,0,0,0,0,0,0,0,0,0,0,0,0,27,345,0.0,0.0,0.0,0.0,0.5267283614589003,0.47327163854109966,1.0,500,345,0.0,0.0,0.0,0.0,0.0,0.0,0.0,0.0,0
8.191317,icmp,other,SF,882,882,0,0,0,0,0,0,0,0,0,0,0,0,0,0,0,0,29,345,0.0,0.0,0.0,0.0,0.5267283614589003,0.47327163854109966,1.0,500,345,0.0,0.0,0.0,0.0,0.0,0.0,0.0,0.0,0
8.014977,icmp,other,SF,882,882,0,0,0,0,0,0,0,0,0,0,0,0,0,0,0,0,28,345,0.0,0.0,0.0,0.0,0.5267283614589003,0.47327163854109966,1.0,500,345,0.0,0.0,0.0,0.0,0.0,0.0,0.0,0.0,0
8.826123,icmp,other,SF,882,882,0,0,0,0,0,0,0,0,0,0,0,0,0,0,0,0,27,345,0.0,0.0,0.0,0.0,0.5267283614589003,0.47327163854109966,1.0,500,345,0.0,0.0,0.0,0.0,0.0,0.0,0.0,0.0,0
12.287723,other,dns,SF,261,0,0,0,0,0,0,0,0,0,0,0,0,0,0,0,0,0,20,97,0.0,0.0,0.0,0.0,0.35220468154599893,0.6477953184540011,1.0,500,97,0.0,0.0,0.0,0.0,0.0,0.0,0.0,0.0,1
8.517955,icmp,other,SF,882,882,0,0,0,0,0,0,0,0,0,0,0,0,0,0,0,0,29,345,0.0,0.0,0.0,0.0,0.5267283614589003,0.47327163854109966,1.0,500,345,0.0,0.0,0.0,0.0,0.0,0.0,0.0,0.0,0
8.383937,icmp,other,SF,882,882,0,0,0,0,0,0,0,0,0,0,0,0,0,0,0,0,29,345,0.0,0.0,0.0,0.0,0.5267283614589003,0.47327163854109966,1.0,500,345,0.0,0.0,0.0,0.0,0.0,0.0,0.0,0.0,0
8.280909,icmp,port5353,SF,882,882,0,0,0,0,0,0,0,0,0,0,0,0,0,0,0,0,39,51,0.0,0.0,0.0,0.0,0.10718562874251497,0.892814371257485,1.0,500,51,0.0,0.0,0.0,0.0,0.0,0.0,0.0,0.0,0
8.193202,icmp,other,SF,882,882,0,0,0,0,0,0,0,0,0,0,0,0,0,0,0,0,29,345,0.0,0.0,0.0,0.0,0.5267283614589003,0.47327163854109966,1.0,500,345,0.0,0.0,0.0,0.0,0.0,0.0,0.0,0.0,0
12.288663,other,dns,SF,261,0,0,0,0,0,0,0,0,0,0,0,0,0,0,0,0,0,20,97,0.0,0.0,0.0,0.0,0.35220468154599893,0.6477953184540011,1.0,500,97,0.0,0.0,0.0,0.0,0.0,0.0,0.0,0.0,1
8.842678,icmp,other,SF,882,882,0,0,0,0,0,0,0,0,0,0,0,0,0,0,0,0,31,345,0.0,0.0,0.0,0.0,0.5267283614589003,0.47327163854109966,1.0,500,345,0.0,0.0,0.0,0.0,0.0,0.0,0.0,0.0,0
8.70116,icmp,other,SF,882,882,0,0,0,0,0,0,0,0,0,0,0,0,0,0,0,0,27,345,0.0,0.0,0.0,0.0,0.5267283614589003,0.47327163854109966,1.0,500,345,0.0,0.0,0.0,0.0,0.0,0.0,0.0,0.0,0
8.548943,icmp,other,SF,882,882,0,0,0,0,0,0,0,0,0,0,0,0,0,0,0,0,29,345,0.0,0.0,0.0,0.0,0.5267283614589003,0.47327163854109966,1.0,500,345,0.0,0.0,0.0,0.0,0.0,0.0,0.0,0.0,0
8.380673,icmp,other,SF,882,882,0,0,0,0,0,0,0,0,0,0,0,0,0,0,0,0,27,345,0.0,0.0,0.0,0.0,0.5267283614589003,0.47327163854109966,1.0,500,345,0.0,0.0,0.0,0.0,0.0,0.0,0.0,0.0,0
12.28801,other,dns,SF,261,0,0,0,0,0,0,0,0,0,0,0,0,0,0,0,0,0,20,97,0.0,0.0,0.0,0.0,0.35220468154599893,0.6477953184540011,1.0,500,97,0.0,0.0,0.0,0.0,0.0,0.0,0.0,0.0,1
8.192761,icmp,other,SF,882,882,0,0,0,0,0,0,0,0,0,0,0,0,0,0,0,0,31,345,0.0,0.0,0.0,0.0,0.5267283614589003,0.47327163854109966,1.0,500,345,0.0,0.0,0.0,0.0,0.0,0.0,0.0,0.0,0
8.191651,icmp,other,SF,882,882,0,0,0,0,0,0,0,0,0,0,0,0,0,0,0,0,27,345,0.0,0.0,0.0,0.0,0.5267283614589003,0.47327163854109966,1.0,500,345,0.0,0.0,0.0,0.0,0.0,0.0,0.0,0.0,0
8.889084,icmp,port5353,SF,882,882,0,0,0,0,0,0,0,0,0,0,0,0,0,0,0,0,44,51,0.0,0.0,0.0,0.0,0.10718562874251497,0.892814371257485,1.0,500,51,0.0,0.0,0.0,0.0,0.0,0.0,0.0,0.0,0
8.73109,icmp,other,SF,882,882,0,0,0,0,0,0,0,0,0,0,0,0,0,0,0,0,27,345,0.0,0.0,0.0,0.0,0.5267283614589003,0.47327163854109966,1.0,500,345,0.0,0.0,0.0,0.0,0.0,0.0,0.0,0.0,0
12.287835,other,dns,SF,261,0,0,0,0,0,0,0,0,0,0,0,0,0,0,0,0,0,20,97,0.0,0.0,0.0,0.0,0.35220468154599893,0.6477953184540011,1.0,500,97,0.0,0.0,0.0,0.0,0.0,0.0,0.0,0.0,1
8.476154,icmp,other,SF,882,882,0,0,0,0,0,0,0,0,0,0,0,0,0,0,0,0,31,345,0.0,0.0,0.0,0.0,0.5267283614589003,0.47327163854109966,1.0,500,345,0.0,0.0,0.0,0.0,0.0,0.0,0.0,0.0,0
8.331209,icmp,other,SF,882,882,0,0,0,0,0,0,0,0,0,0,0,0,0,0,0,0,27,345,0.0,0.0,0.0,0.0,0.5267283614589003,0.47327163854109966,1.0,500,345,0.0,0.0,0.0,0.0,0.0,0.0,0.0,0.0,0
8.192572,icmp,other,SF,882,882,0,0,0,0,0,0,0,0,0,0,0,0,0,0,0,0,29,345,0.0,0.0,0.0,0.0,0.5267283614589003,0.47327163854109966,1.0,500,345,0.0,0.0,0.0,0.0,0.0,0.0,0.0,0.0,0
8.19148,icmp,other,SF,882,882,0,0,0,0,0,0,0,0,0,0,0,0,0,0,0,0,27,345,0.0,0.0,0.0,0.0,0.5267283614589003,0.47327163854109966,1.0,500,345,0.0,0.0,0.0,0.0,0.0,0.0,0.0,0.0,0
12.287604,other,dns,SF,261,0,0,0,0,0,0,0,0,0,0,0,0,0,0,0,0,0,20,97,0.0,0.0,0.0,0.0,0.35220468154599893,0.6477953184540011,1.0,500,97,0.0,0.0,0.0,0.0,0.0,0.0,0.0,0.0,1
8.824861,icmp,other,SF,882,882,0,0,0,0,0,0,0,0,0,0,0,0,0,0,0,0,31,345,0.0,0.0,0.0,0.0,0.5267283614589003,0.47327163854109966,1.0,500,345,0.0,0.0,0.0,0.0,0.0,0.0,0.0,0.0,0
8.669846,icmp,other,SF,882,882,0,0,0,0,0,0,0,0,0,0,0,0,0,0,0,0,27,345,0.0,0.0,0.0,0.0,0.5267283614589003,0.47327163854109966,1.0,500,345,0.0,0.0,0.0,0.0,0.0,0.0,0.0,0.0,0
8.516653,icmp,port5353,SF,882,882,0,0,0,0,0,0,0,0,0,0,0,0,0,0,0,0,41,51,0.0,0.0,0.0,0.0,0.10718562874251497,0.892814371257485,1.0,500,51,0.0,0.0,0.0,0.0,0.0,0.0,0.0,0.0,0
8.364726,icmp,other,SF,882,882,0,0,0,0,0,0,0,0,0,0,0,0,0,0,0,0,29,345,0.0,0.0,0.0,0.0,0.5267283614589003,0.47327163854109966,1.0,500,345,0.0,0.0,0.0,0.0,0.0,0.0,0.0,0.0,0
12.287462,other,dns,SF,261,0,0,0,0,0,0,0,0,0,0,0,0,0,0,0,0,0,20,97,0.0,0.0,0.0,0.0,0.35220468154599893,0.6477953184540011,1.0,500,97,0.0,0.0,0.0,0.0,0.0,0.0,0.0,0.0,1
8.191853,icmp,other,SF,882,882,0,0,0,0,0,0,0,0,0,0,0,0,0,0,0,0,31,345,0.0,0.0,0.0,0.0,0.5267283614589003,0.47327163854109966,1.0,500,345,0.0,0.0,0.0,0.0,0.0,0.0,0.0,0.0,0
8.938917,icmp,other,SF,882,882,0,0,0,0,0,0,0,0,0,0,0,0,0,0,0,0,27,345,0.0,0.0,0.0,0.0,0.5267283614589003,0.47327163854109966,1.0,500,345,0.0,0.0,0.0,0.0,0.0,0.0,0.0,0.0,0
8.781901,icmp,other,SF,882,882,0,0,0,0,0,0,0,0,0,0,0,0,0,0,0,0,27,345,0.0,0.0,0.0,0.0,0.5267283614589003,0.47327163854109966,1.0,500,345,0.0,0.0,0.0,0.0,0.0,0.0,0.0,0.0,0
8.640828,icmp,other,SF,882,882,0,0,0,0,0,0,0,0,0,0,0,0,0,0,0,0,31,345,0.0,0.0,0.0,0.0,0.5267283614589003,0.47327163854109966,1.0,500,345,0.0,0.0,0.0,0.0,0.0,0.0,0.0,0.0,0
12.288098,other,dns,SF,261,0,0,0,0,0,0,0,0,0,0,0,0,0,0,0,0,0,20,97,0.0,0.0,0.0,0.0,0.35220468154599893,0.6477953184540011,1.0,500,97,0.0,0.0,0.0,0.0,0.0,0.0,0.0,0.0,1
8.355803,icmp,other,SF,882,882,0,0,0,0,0,0,0,0,0,0,0,0,0,0,0,0,29,345,0.0,0.0,0.0,0.0,0.5267283614589003,0.47327163854109966,1.0,500,345,0.0,0.0,0.0,0.0,0.0,0.0,0.0,0.0,0
8.199907,icmp,other,SF,882,882,0,0,0,0,0,0,0,0,0,0,0,0,0,0,0,0,29,345,0.0,0.0,0.0,0.0,0.5267283614589003,0.47327163854109966,1.0,500,345,0.0,0.0,0.0,0.0,0.0,0.0,0.0,0.0,0
8.191944,icmp,port5353,SF,882,882,0,0,0,0,0,0,0,0,0,0,0,0,0,0,0,0,39,51,0.0,0.0,0.0,0.0,0.10718562874251497,0.892814371257485,1.0,500,51,0.0,0.0,0.0,0.0,0.0,0.0,0.0,0.0,0
8.904413,icmp,other,SF,882,882,0,0,0,0,0,0,0,0,0,0,0,0,0,0,0,0,29,345,0.0,0.0,0.0,0.0,0.5267283614589003,0.47327163854109966,1.0,500,345,0.0,0.0,0.0,0.0,0.0,0.0,0.0,0.0,0
12.288132,other,dns,SF,261,0,0,0,0,0,0,0,0,0,0,0,0,0,0,0,0,0,21,97,0.0,0.0,0.0,0.0,0.35220468154599893,0.6477953184540011,1.0,500,97,0.0,0.0,0.0,0.0,0.0,0.0,0.0,0.0,1
8.59037,icmp,other,SF,882,882,0,0,0,0,0,0,0,0,0,0,0,0,0,0,0,0,29,345,0.0,0.0,0.0,0.0,0.5267283614589003,0.47327163854109966,1.0,500,345,0.0,0.0,0.0,0.0,0.0,0.0,0.0,0.0,0
8.435042,icmp,other,SF,882,882,0,0,0,0,0,0,0,0,0,0,0,0,0,0,0,0,29,345,0.0,0.0,0.0,0.0,0.5267283614589003,0.47327163854109966,1.0,500,345,0.0,0.0,0.0,0.0,0.0,0.0,0.0,0.0,0
8.275884,icmp,other,SF,882,882,0,0,0,0,0,0,0,0,0,0,0,0,0,0,0,0,27,345,0.0,0.0,0.0,0.0,0.5267283614589003,0.47327163854109966,1.0,500,345,0.0,0.0,0.0,0.0,0.0,0.0,0.0,0.0,0
8.192783,icmp,other,SF,882,882,0,0,0,0,0,0,0,0,0,0,0,0,0,0,0,0,29,345,0.0,0.0,0.0,0.0,0.5267283614589003,0.47327163854109966,1.0,500,345,0.0,0.0,0.0,0.0,0.0,0.0,0.0,0.0,0
12.289329,other,dns,SF,261,0,0,0,0,0,0,0,0,0,0,0,0,0,0,0,0,0,20,97,0.0,0.0,0.0,0.0,0.35220468154599893,0.6477953184540011,1.0,500,97,0.0,0.0,0.0,0.0,0.0,0.0,0.0,0.0,1
8.820916,icmp,other,SF,882,882,0,0,0,0,0,0,0,0,0,0,0,0,0,0,0,0,27,345,0.0,0.0,0.0,0.0,0.5267283614589003,0.47327163854109966,1.0,500,345,0.0,0.0,0.0,0.0,0.0,0.0,0.0,0.0,0
8.690869,icmp,other,SF,882,882,0,0,0,0,0,0,0,0,0,0,0,0,0,0,0,0,29,345,0.0,0.0,0.0,0.0,0.5267283614589003,0.47327163854109966,1.0,500,345,0.0,0.0,0.0,0.0,0.0,0.0,0.0,0.0,0
8.563086,icmp,port5353,SF,882,882,0,0,0,0,0,0,0,0,0,0,0,0,0,0,0,0,39,51,0.0,0.0,0.0,0.0,0.10718562874251497,0.892814371257485,1.0,500,51,0.0,0.0,0.0,0.0,0.0,0.0,0.0,0.0,0
8.413449,icmp,other,SF,882,882,0,0,0,0,0,0,0,0,0,0,0,0,0,0,0,0,29,345,0.0,0.0,0.0,0.0,0.5267283614589003,0.47327163854109966,1.0,500,345,0.0,0.0,0.0,0.0,0.0,0.0,0.0,0.0,0
12.564005,udp,port3702,SF,261,0,0,0,0,0,0,0,0,0,0,0,0,0,0,0,0,0,61,1,0.0,0.0,0.0,0.0,0.003320631464344039,0.996679368535656,1.0,500,1,0.0,0.0,0.0,0.0,0.0,0.0,0.0,0.0,1
8.191126,icmp,other,SF,882,882,0,0,0,0,0,0,0,0,0,0,0,0,0,0,0,0,27,345,0.0,0.0,0.0,0.0,0.5267283614589003,0.47327163854109966,1.0,500,345,0.0,0.0,0.0,0.0,0.0,0.0,0.0,0.0,0
8.012519,icmp,other,SF,882,882,0,0,0,0,0,0,0,0,0,0,0,0,0,0,0,0,28,345,0.0,0.0,0.0,0.0,0.5267283614589003,0.47327163854109966,1.0,500,345,0.0,0.0,0.0,0.0,0.0,0.0,0.0,0.0,0
8.843053,icmp,other,SF,882,882,0,0,0,0,0,0,0,0,0,0,0,0,0,0,0,0,29,345,0.0,0.0,0.0,0.0,0.5267283614589003,0.47327163854109966,1.0,500,345,0.0,0.0,0.0,0.0,0.0,0.0,0.0,0.0,0
8.682948,icmp,other,SF,882,882,0,0,0,0,0,0,0,0,0,0,0,0,0,0,0,0,27,345,0.0,0.0,0.0,0.0,0.5267283614589003,0.47327163854109966,1.0,500,345,0.0,0.0,0.0,0.0,0.0,0.0,0.0,0.0,0
12.288088,other,dns,SF,261,0,0,0,0,0,0,0,0,0,0,0,0,0,0,0,0,0,20,97,0.0,0.0,0.0,0.0,0.35220468154599893,0.6477953184540011,1.0,500,97,0.0,0.0,0.0,0.0,0.0,0.0,0.0,0.0,1
8.434806,icmp,other,SF,882,882,0,0,0,0,0,0,0,0,0,0,0,0,0,0,0,0,27,345,0.0,0.0,0.0,0.0,0.5267283614589003,0.47327163854109966,1.0,500,345,0.0,0.0,0.0,0.0,0.0,0.0,0.0,0.0,0
8.28927,icmp,other,SF,882,882,0,0,0,0,0,0,0,0,0,0,0,0,0,0,0,0,31,345,0.0,0.0,0.0,0.0,0.5267283614589003,0.47327163854109966,1.0,500,345,0.0,0.0,0.0,0.0,0.0,0.0,0.0,0.0,0
8.192203,icmp,port5353,SF,882,882,0,0,0,0,0,0,0,0,0,0,0,0,0,0,0,0,39,51,0.0,0.0,0.0,0.0,0.10718562874251497,0.892814371257485,1.0,500,51,0.0,0.0,0.0,0.0,0.0,0.0,0.0,0.0,0
8.013095,icmp,other,SF,882,882,0,0,0,0,0,0,0,0,0,0,0,0,0,0,0,0,26,345,0.0,0.0,0.0,0.0,0.5267283614589003,0.47327163854109966,1.0,500,345,0.0,0.0,0.0,0.0,0.0,0.0,0.0,0.0,0
12.287309,other,dns,SF,261,0,0,0,0,0,0,0,0,0,0,0,0,0,0,0,0,0,20,97,0.0,0.0,0.0,0.0,0.35220468154599893,0.6477953184540011,1.0,500,97,0.0,0.0,0.0,0.0,0.0,0.0,0.0,0.0,1
8.689926,icmp,other,SF,882,882,0,0,0,0,0,0,0,0,0,0,0,0,0,0,0,0,29,345,0.0,0.0,0.0,0.0,0.5267283614589003,0.47327163854109966,1.0,500,345,0.0,0.0,0.0,0.0,0.0,0.0,0.0,0.0,0
8.527681,icmp,other,SF,882,882,0,0,0,0,0,0,0,0,0,0,0,0,0,0,0,0,27,345,0.0,0.0,0.0,0.0,0.5267283614589003,0.47327163854109966,1.0,500,345,0.0,0.0,0.0,0.0,0.0,0.0,0.0,0.0,0
8.367828,icmp,other,SF,882,882,0,0,0,0,0,0,0,0,0,0,0,0,0,0,0,0,29,345,0.0,0.0,0.0,0.0,0.5267283614589003,0.47327163854109966,1.0,500,345,0.0,0.0,0.0,0.0,0.0,0.0,0.0,0.0,0
8.213008,icmp,other,SF,882,882,0,0,0,0,0,0,0,0,0,0,0,0,0,0,0,0,27,345,0.0,0.0,0.0,0.0,0.5267283614589003,0.47327163854109966,1.0,500,345,0.0,0.0,0.0,0.0,0.0,0.0,0.0,0.0,0
12.288004,other,dns,SF,261,0,0,0,0,0,0,0,0,0,0,0,0,0,0,0,0,0,20,97,0.0,0.0,0.0,0.0,0.35220468154599893,0.6477953184540011,1.0,500,97,0.0,0.0,0.0,0.0,0.0,0.0,0.0,0.0,1
8.944232,icmp,other,SF,882,882,0,0,0,0,0,0,0,0,0,0,0,0,0,0,0,0,29,345,0.0,0.0,0.0,0.0,0.5267283614589003,0.47327163854109966,1.0,500,345,0.0,0.0,0.0,0.0,0.0,0.0,0.0,0.0,0
8.796773,icmp,other,SF,882,882,0,0,0,0,0,0,0,0,0,0,0,0,0,0,0,0,27,345,0.0,0.0,0.0,0.0,0.5267283614589003,0.47327163854109966,1.0,500,345,0.0,0.0,0.0,0.0,0.0,0.0,0.0,0.0,0
8.776173,icmp,port5353,SF,882,882,0,0,0,0,0,0,0,0,0,0,0,0,0,0,0,0,33,51,0.0,0.0,0.0,0.0,0.10718562874251497,0.892814371257485,1.0,500,51,0.0,0.0,0.0,0.0,0.0,0.0,0.0,0.0,0
8.515008,icmp,other,SF,882,882,0,0,0,0,0,0,0,0,0,0,0,0,0,0,0,0,27,345,0.0,0.0,0.0,0.0,0.5267283614589003,0.47327163854109966,1.0,500,345,0.0,0.0,0.0,0.0,0.0,0.0,0.0,0.0,0
12.287305,other,dns,SF,261,0,0,0,0,0,0,0,0,0,0,0,0,0,0,0,0,0,20,97,0.0,0.0,0.0,0.0,0.35220468154599893,0.6477953184540011,1.0,500,97,0.0,0.0,0.0,0.0,0.0,0.0,0.0,0.0,1
8.274314,icmp,other,SF,882,882,0,0,0,0,0,0,0,0,0,0,0,0,0,0,0,0,29,345,0.0,0.0,0.0,0.0,0.5267283614589003,0.47327163854109966,1.0,500,345,0.0,0.0,0.0,0.0,0.0,0.0,0.0,0.0,0
8.191022,icmp,other,SF,882,882,0,0,0,0,0,0,0,0,0,0,0,0,0,0,0,0,27,345,0.0,0.0,0.0,0.0,0.5267283614589003,0.47327163854109966,1.0,500,345,0.0,0.0,0.0,0.0,0.0,0.0,0.0,0.0,0
8.985308,icmp,other,SF,882,882,0,0,0,0,0,0,0,0,0,0,0,0,0,0,0,0,29,345,0.0,0.0,0.0,0.0,0.5267283614589003,0.47327163854109966,1.0,500,345,0.0,0.0,0.0,0.0,0.0,0.0,0.0,0.0,0
8.852998,icmp,other,SF,882,882,0,0,0,0,0,0,0,0,0,0,0,0,0,0,0,0,27,345,0.0,0.0,0.0,0.0,0.5267283614589003,0.47327163854109966,1.0,500,345,0.0,0.0,0.0,0.0,0.0,0.0,0.0,0.0,0
12.287797,other,dns,SF,261,0,0,0,0,0,0,0,0,0,0,0,0,0,0,0,0,0,20,97,0.0,0.0,0.0,0.0,0.35220468154599893,0.6477953184540011,1.0,500,97,0.0,0.0,0.0,0.0,0.0,0.0,0.0,0.0,1
8.570971,icmp,other,SF,882,882,0,0,0,0,0,0,0,0,0,0,0,0,0,0,0,0,29,345,0.0,0.0,0.0,0.0,0.5267283614589003,0.47327163854109966,1.0,500,345,0.0,0.0,0.0,0.0,0.0,0.0,0.0,0.0,0
8.416703,icmp,other,SF,882,882,0,0,0,0,0,0,0,0,0,0,0,0,0,0,0,0,27,345,0.0,0.0,0.0,0.0,0.5267283614589003,0.47327163854109966,1.0,500,345,0.0,0.0,0.0,0.0,0.0,0.0,0.0,0.0,0
8.26325,icmp,other,SF,882,882,0,0,0,0,0,0,0,0,0,0,0,0,0,0,0,0,29,345,0.0,0.0,0.0,0.0,0.5267283614589003,0.47327163854109966,1.0,500,345,0.0,0.0,0.0,0.0,0.0,0.0,0.0,0.0,0
8.973774,icmp,port5353,SF,882,882,0,0,0,0,0,0,0,0,0,0,0,0,0,0,0,0,31,51,0.0,0.0,0.0,0.0,0.10718562874251497,0.892814371257485,1.0,500,51,0.0,0.0,0.0,0.0,0.0,0.0,0.0,0.0,0
12.28934,other,dns,SF,261,0,0,0,0,0,0,0,0,0,0,0,0,0,0,0,0,0,20,97,0.0,0.0,0.0,0.0,0.35220468154599893,0.6477953184540011,1.0,500,97,0.0,0.0,0.0,0.0,0.0,0.0,0.0,0.0,1
8.892396,icmp,other,SF,882,882,0,0,0,0,0,0,0,0,0,0,0,0,0,0,0,0,29,345,0.0,0.0,0.0,0.0,0.5267283614589003,0.47327163854109966,1.0,500,345,0.0,0.0,0.0,0.0,0.0,0.0,0.0,0.0,0
8.735173,icmp,other,SF,882,882,0,0,0,0,0,0,0,0,0,0,0,0,0,0,0,0,27,345,0.0,0.0,0.0,0.0,0.5267283614589003,0.47327163854109966,1.0,500,345,0.0,0.0,0.0,0.0,0.0,0.0,0.0,0.0,0
8.582854,icmp,other,SF,882,882,0,0,0,0,0,0,0,0,0,0,0,0,0,0,0,0,29,345,0.0,0.0,0.0,0.0,0.5267283614589003,0.47327163854109966,1.0,500,345,0.0,0.0,0.0,0.0,0.0,0.0,0.0,0.0,0
8.417454,icmp,other,SF,882,882,0,0,0,0,0,0,0,0,0,0,0,0,0,0,0,0,27,345,0.0,0.0,0.0,0.0,0.5267283614589003,0.47327163854109966,1.0,500,345,0.0,0.0,0.0,0.0,0.0,0.0,0.0,0.0,0
12.288403,other,dns,SF,261,0,0,0,0,0,0,0,0,0,0,0,0,0,0,0,0,0,22,97,0.0,0.0,0.0,0.0,0.35220468154599893,0.6477953184540011,1.0,500,97,0.0,0.0,0.0,0.0,0.0,0.0,0.0,0.0,1
8.191916,icmp,other,SF,882,882,0,0,0,0,0,0,0,0,0,0,0,0,0,0,0,0,27,345,0.0,0.0,0.0,0.0,0.5267283614589003,0.47327163854109966,1.0,500,345,0.0,0.0,0.0,0.0,0.0,0.0,0.0,0.0,0
8.012151,icmp,other,SF,882,882,0,0,0,0,0,0,0,0,0,0,0,0,0,0,0,0,26,345,0.0,0.0,0.0,0.0,0.5267283614589003,0.47327163854109966,1.0,500,345,0.0,0.0,0.0,0.0,0.0,0.0,0.0,0.0,0
8.876323,icmp,other,SF,882,882,0,0,0,0,0,0,0,0,0,0,0,0,0,0,0,0,29,345,0.0,0.0,0.0,0.0,0.5267283614589003,0.47327163854109966,1.0,500,345,0.0,0.0,0.0,0.0,0.0,0.0,0.0,0.0,0
8.72177,icmp,port5353,SF,882,882,0,0,0,0,0,0,0,0,0,0,0,0,0,0,0,0,39,51,0.0,0.0,0.0,0.0,0.10718562874251497,0.892814371257485,1.0,500,51,0.0,0.0,0.0,0.0,0.0,0.0,0.0,0.0,0
12.288294,other,dns,SF,261,0,0,0,0,0,0,0,0,0,0,0,0,0,0,0,0,0,20,97,0.0,0.0,0.0,0.0,0.35220468154599893,0.6477953184540011,1.0,500,97,0.0,0.0,0.0,0.0,0.0,0.0,0.0,0.0,1
8.534571,icmp,other,SF,882,882,0,0,0,0,0,0,0,0,0,0,0,0,0,0,0,0,27,345,0.0,0.0,0.0,0.0,0.5267283614589003,0.47327163854109966,1.0,500,345,0.0,0.0,0.0,0.0,0.0,0.0,0.0,0.0,0
8.514338,icmp,other,SF,882,882,0,0,0,0,0,0,0,0,0,0,0,0,0,0,0,0,29,345,0.0,0.0,0.0,0.0,0.5267283614589003,0.47327163854109966,1.0,500,345,0.0,0.0,0.0,0.0,0.0,0.0,0.0,0.0,0
8.443515,icmp,other,SF,882,882,0,0,0,0,0,0,0,0,0,0,0,0,0,0,0,0,29,345,0.0,0.0,0.0,0.0,0.5267283614589003,0.47327163854109966,1.0,500,345,0.0,0.0,0.0,0.0,0.0,0.0,0.0,0.0,0
8.275758,icmp,other,SF,882,882,0,0,0,0,0,0,0,0,0,0,0,0,0,0,0,0,27,345,0.0,0.0,0.0,0.0,0.5267283614589003,0.47327163854109966,1.0,500,345,0.0,0.0,0.0,0.0,0.0,0.0,0.0,0.0,0
12.28811,other,dns,SF,261,0,0,0,0,0,0,0,0,0,0,0,0,0,0,0,0,0,20,97,0.0,0.0,0.0,0.0,0.35220468154599893,0.6477953184540011,1.0,500,97,0.0,0.0,0.0,0.0,0.0,0.0,0.0,0.0,1
8.19712,icmp,other,SF,882,882,0,0,0,0,0,0,0,0,0,0,0,0,0,0,0,0,29,345,0.0,0.0,0.0,0.0,0.5267283614589003,0.47327163854109966,1.0,500,345,0.0,0.0,0.0,0.0,0.0,0.0,0.0,0.0,0
8.904425,icmp,other,SF,882,882,0,0,0,0,0,0,0,0,0,0,0,0,0,0,0,0,27,345,0.0,0.0,0.0,0.0,0.5267283614589003,0.47327163854109966,1.0,500,345,0.0,0.0,0.0,0.0,0.0,0.0,0.0,0.0,0
8.733181,icmp,other,SF,882,882,0,0,0,0,0,0,0,0,0,0,0,0,0,0,0,0,29,345,0.0,0.0,0.0,0.0,0.5267283614589003,0.47327163854109966,1.0,500,345,0.0,0.0,0.0,0.0,0.0,0.0,0.0,0.0,0
8.574923,icmp,port5353,SF,882,882,0,0,0,0,0,0,0,0,0,0,0,0,0,0,0,0,39,51,0.0,0.0,0.0,0.0,0.10718562874251497,0.892814371257485,1.0,500,51,0.0,0.0,0.0,0.0,0.0,0.0,0.0,0.0,0
12.288078,other,dns,SF,261,0,0,0,0,0,0,0,0,0,0,0,0,0,0,0,0,0,22,97,0.0,0.0,0.0,0.0,0.35220468154599893,0.6477953184540011,1.0,500,97,0.0,0.0,0.0,0.0,0.0,0.0,0.0,0.0,1
8.323431,icmp,other,SF,882,882,0,0,0,0,0,0,0,0,0,0,0,0,0,0,0,0,27,345,0.0,0.0,0.0,0.0,0.5267283614589003,0.47327163854109966,1.0,500,345,0.0,0.0,0.0,0.0,0.0,0.0,0.0,0.0,0
8.191999,icmp,other,SF,882,882,0,0,0,0,0,0,0,0,0,0,0,0,0,0,0,0,27,345,0.0,0.0,0.0,0.0,0.5267283614589003,0.47327163854109966,1.0,500,345,0.0,0.0,0.0,0.0,0.0,0.0,0.0,0.0,0
8.193626,icmp,other,SF,882,882,0,0,0,0,0,0,0,0,0,0,0,0,0,0,0,0,29,345,0.0,0.0,0.0,0.0,0.5267283614589003,0.47327163854109966,1.0,500,345,0.0,0.0,0.0,0.0,0.0,0.0,0.0,0.0,0
8.87682,icmp,other,SF,882,882,0,0,0,0,0,0,0,0,0,0,0,0,0,0,0,0,27,345,0.0,0.0,0.0,0.0,0.5267283614589003,0.47327163854109966,1.0,500,345,0.0,0.0,0.0,0.0,0.0,0.0,0.0,0.0,0
12.287713,other,dns,SF,261,0,0,0,0,0,0,0,0,0,0,0,0,0,0,0,0,0,20,97,0.0,0.0,0.0,0.0,0.35220468154599893,0.6477953184540011,1.0,500,97,0.0,0.0,0.0,0.0,0.0,0.0,0.0,0.0,1
8.502916,icmp,other,SF,882,882,0,0,0,0,0,0,0,0,0,0,0,0,0,0,0,0,29,345,0.0,0.0,0.0,0.0,0.5267283614589003,0.47327163854109966,1.0,500,345,0.0,0.0,0.0,0.0,0.0,0.0,0.0,0.0,0
8.339591,icmp,other,SF,882,882,0,0,0,0,0,0,0,0,0,0,0,0,0,0,0,0,27,345,0.0,0.0,0.0,0.0,0.5267283614589003,0.47327163854109966,1.0,500,345,0.0,0.0,0.0,0.0,0.0,0.0,0.0,0.0,0
8.191658,icmp,other,SF,882,882,0,0,0,0,0,0,0,0,0,0,0,0,0,0,0,0,31,345,0.0,0.0,0.0,0.0,0.5267283614589003,0.47327163854109966,1.0,500,345,0.0,0.0,0.0,0.0,0.0,0.0,0.0,0.0,0
8.192265,icmp,port5353,SF,882,882,0,0,0,0,0,0,0,0,0,0,0,0,0,0,0,0,39,51,0.0,0.0,0.0,0.0,0.10718562874251497,0.892814371257485,1.0,500,51,0.0,0.0,0.0,0.0,0.0,0.0,0.0,0.0,0
12.287358,other,dns,SF,261,0,0,0,0,0,0,0,0,0,0,0,0,0,0,0,0,0,20,97,0.0,0.0,0.0,0.0,0.35220468154599893,0.6477953184540011,1.0,500,97,0.0,0.0,0.0,0.0,0.0,0.0,0.0,0.0,1
8.781192,icmp,other,SF,882,882,0,0,0,0,0,0,0,0,0,0,0,0,0,0,0,0,29,345,0.0,0.0,0.0,0.0,0.5267283614589003,0.47327163854109966,1.0,500,345,0.0,0.0,0.0,0.0,0.0,0.0,0.0,0.0,0
8.618079,icmp,other,SF,882,882,0,0,0,0,0,0,0,0,0,0,0,0,0,0,0,0,27,345,0.0,0.0,0.0,0.0,0.5267283614589003,0.47327163854109966,1.0,500,345,0.0,0.0,0.0,0.0,0.0,0.0,0.0,0.0,0
8.472877,icmp,other,SF,882,882,0,0,0,0,0,0,0,0,0,0,0,0,0,0,0,0,29,345,0.0,0.0,0.0,0.0,0.5267283614589003,0.47327163854109966,1.0,500,345,0.0,0.0,0.0,0.0,0.0,0.0,0.0,0.0,0
8.300064,icmp,other,SF,882,882,0,0,0,0,0,0,0,0,0,0,0,0,0,0,0,0,27,345,0.0,0.0,0.0,0.0,0.5267283614589003,0.47327163854109966,1.0,500,345,0.0,0.0,0.0,0.0,0.0,0.0,0.0,0.0,0
12.28755,other,dns,SF,261,0,0,0,0,0,0,0,0,0,0,0,0,0,0,0,0,0,20,97,0.0,0.0,0.0,0.0,0.35220468154599893,0.6477953184540011,1.0,500,97,0.0,0.0,0.0,0.0,0.0,0.0,0.0,0.0,1
8.192232,icmp,other,SF,882,882,0,0,0,0,0,0,0,0,0,0,0,0,0,0,0,0,29,345,0.0,0.0,0.0,0.0,0.5267283614589003,0.47327163854109966,1.0,500,345,0.0,0.0,0.0,0.0,0.0,0.0,0.0,0.0,0
8.915555,icmp,other,SF,882,882,0,0,0,0,0,0,0,0,0,0,0,0,0,0,0,0,27,345,0.0,0.0,0.0,0.0,0.5267283614589003,0.47327163854109966,1.0,500,345,0.0,0.0,0.0,0.0,0.0,0.0,0.0,0.0,0
8.767173,icmp,other,SF,882,882,0,0,0,0,0,0,0,0,0,0,0,0,0,0,0,0,29,345,0.0,0.0,0.0,0.0,0.5267283614589003,0.47327163854109966,1.0,500,345,0.0,0.0,0.0,0.0,0.0,0.0,0.0,0.0,0
8.610164,icmp,port5353,SF,882,882,0,0,0,0,0,0,0,0,0,0,0,0,0,0,0,0,39,51,0.0,0.0,0.0,0.0,0.10718562874251497,0.892814371257485,1.0,500,51,0.0,0.0,0.0,0.0,0.0,0.0,0.0,0.0,0
12.288274,other,dns,SF,261,0,0,0,0,0,0,0,0,0,0,0,0,0,0,0,0,0,20,97,0.0,0.0,0.0,0.0,0.35220468154599893,0.6477953184540011,1.0,500,97,0.0,0.0,0.0,0.0,0.0,0.0,0.0,0.0,1
8.414267,icmp,other,SF,882,882,0,0,0,0,0,0,0,0,0,0,0,0,0,0,0,0,29,345,0.0,0.0,0.0,0.0,0.5267283614589003,0.47327163854109966,1.0,500,345,0.0,0.0,0.0,0.0,0.0,0.0,0.0,0.0,0
8.256375,icmp,other,SF,882,882,0,0,0,0,0,0,0,0,0,0,0,0,0,0,0,0,27,345,0.0,0.0,0.0,0.0,0.5267283614589003,0.47327163854109966,1.0,500,345,0.0,0.0,0.0,0.0,0.0,0.0,0.0,0.0,0
9.057087,icmp,port5353,SF,882,882,0,0,0,0,0,0,0,0,0,0,0,0,0,0,0,0,39,51,0.0,0.0,0.0,0.0,0.10718562874251497,0.892814371257485,1.0,500,51,0.0,0.0,0.0,0.0,0.0,0.0,0.0,0.0,0
8.013728,icmp,port5353,SF,882,882,0,0,0,0,0,0,0,0,0,0,0,0,0,0,0,0,36,51,0.0,0.0,0.0,0.0,0.10718562874251497,0.892814371257485,1.0,500,51,0.0,0.0,0.0,0.0,0.0,0.0,0.0,0.0,0
12.28727,other,dns,SF,261,0,0,0,0,0,0,0,0,0,0,0,0,0,0,0,0,0,20,97,0.0,0.0,0.0,0.0,0.35220468154599893,0.6477953184540011,1.0,500,97,0.0,0.0,0.0,0.0,0.0,0.0,0.0,0.0,1
8.80474,icmp,other,SF,882,882,0,0,0,0,0,0,0,0,0,0,0,0,0,0,0,0,29,345,0.0,0.0,0.0,0.0,0.5267283614589003,0.47327163854109966,1.0,500,345,0.0,0.0,0.0,0.0,0.0,0.0,0.0,0.0,0
8.641255,icmp,other,SF,882,882,0,0,0,0,0,0,0,0,0,0,0,0,0,0,0,0,27,345,0.0,0.0,0.0,0.0,0.5267283614589003,0.47327163854109966,1.0,500,345,0.0,0.0,0.0,0.0,0.0,0.0,0.0,0.0,0
8.488835,icmp,other,SF,882,882,0,0,0,0,0,0,0,0,0,0,0,0,0,0,0,0,29,345,0.0,0.0,0.0,0.0,0.5267283614589003,0.47327163854109966,1.0,500,345,0.0,0.0,0.0,0.0,0.0,0.0,0.0,0.0,0
8.331474,icmp,other,SF,882,882,0,0,0,0,0,0,0,0,0,0,0,0,0,0,0,0,27,345,0.0,0.0,0.0,0.0,0.5267283614589003,0.47327163854109966,1.0,500,345,0.0,0.0,0.0,0.0,0.0,0.0,0.0,0.0,0
12.288011,other,dns,SF,261,0,0,0,0,0,0,0,0,0,0,0,0,0,0,0,0,0,20,97,0.0,0.0,0.0,0.0,0.35220468154599893,0.6477953184540011,1.0,500,97,0.0,0.0,0.0,0.0,0.0,0.0,0.0,0.0,1
8.192139,icmp,port5353,SF,882,882,0,0,0,0,0,0,0,0,0,0,0,0,0,0,0,0,39,51,0.0,0.0,0.0,0.0,0.10718562874251497,0.892814371257485,1.0,500,51,0.0,0.0,0.0,0.0,0.0,0.0,0.0,0.0,0
8.968467,icmp,other,SF,882,882,0,0,0,0,0,0,0,0,0,0,0,0,0,0,0,0,27,345,0.0,0.0,0.0,0.0,0.5267283614589003,0.47327163854109966,1.0,500,345,0.0,0.0,0.0,0.0,0.0,0.0,0.0,0.0,0
8.821348,icmp,other,SF,882,882,0,0,0,0,0,0,0,0,0,0,0,0,0,0,0,0,27,345,0.0,0.0,0.0,0.0,0.5267283614589003,0.47327163854109966,1.0,500,345,0.0,0.0,0.0,0.0,0.0,0.0,0.0,0.0,0
8.656111,icmp,other,SF,882,882,0,0,0,0,0,0,0,0,0,0,0,0,0,0,0,0,27,345,0.0,0.0,0.0,0.0,0.5267283614589003,0.47327163854109966,1.0,500,345,0.0,0.0,0.0,0.0,0.0,0.0,0.0,0.0,0
12.288012,other,dns,SF,261,0,0,0,0,0,0,0,0,0,0,0,0,0,0,0,0,0,20,97,0.0,0.0,0.0,0.0,0.35220468154599893,0.6477953184540011,1.0,500,97,0.0,0.0,0.0,0.0,0.0,0.0,0.0,0.0,1
8.395756,icmp,other,SF,882,882,0,0,0,0,0,0,0,0,0,0,0,0,0,0,0,0,29,345,0.0,0.0,0.0,0.0,0.5267283614589003,0.47327163854109966,1.0,500,345,0.0,0.0,0.0,0.0,0.0,0.0,0.0,0.0,0
8.23781,icmp,port5353,SF,882,882,0,0,0,0,0,0,0,0,0,0,0,0,0,0,0,0,39,51,0.0,0.0,0.0,0.0,0.10718562874251497,0.892814371257485,1.0,500,51,0.0,0.0,0.0,0.0,0.0,0.0,0.0,0.0,0
8.193362,icmp,other,SF,882,882,0,0,0,0,0,0,0,0,0,0,0,0,0,0,0,0,27,345,0.0,0.0,0.0,0.0,0.5267283614589003,0.47327163854109966,1.0,500,345,0.0,0.0,0.0,0.0,0.0,0.0,0.0,0.0,0
8.966727,icmp,other,SF,882,882,0,0,0,0,0,0,0,0,0,0,0,0,0,0,0,0,29,345,0.0,0.0,0.0,0.0,0.5267283614589003,0.47327163854109966,1.0,500,345,0.0,0.0,0.0,0.0,0.0,0.0,0.0,0.0,0
12.287887,other,dns,SF,261,0,0,0,0,0,0,0,0,0,0,0,0,0,0,0,0,0,20,97,0.0,0.0,0.0,0.0,0.35220468154599893,0.6477953184540011,1.0,500,97,0.0,0.0,0.0,0.0,0.0,0.0,0.0,0.0,1
8.682523,icmp,other,SF,882,882,0,0,0,0,0,0,0,0,0,0,0,0,0,0,0,0,27,345,0.0,0.0,0.0,0.0,0.5267283614589003,0.47327163854109966,1.0,500,345,0.0,0.0,0.0,0.0,0.0,0.0,0.0,0.0,0
8.534748,icmp,other,SF,882,882,0,0,0,0,0,0,0,0,0,0,0,0,0,0,0,0,27,345,0.0,0.0,0.0,0.0,0.5267283614589003,0.47327163854109966,1.0,500,345,0.0,0.0,0.0,0.0,0.0,0.0,0.0,0.0,0
8.373126,icmp,port5353,SF,882,882,0,0,0,0,0,0,0,0,0,0,0,0,0,0,0,0,45,51,0.0,0.0,0.0,0.0,0.10718562874251497,0.892814371257485,1.0,500,51,0.0,0.0,0.0,0.0,0.0,0.0,0.0,0.0,0
8.216748,icmp,other,SF,882,882,0,0,0,0,0,0,0,0,0,0,0,0,0,0,0,0,29,345,0.0,0.0,0.0,0.0,0.5267283614589003,0.47327163854109966,1.0,500,345,0.0,0.0,0.0,0.0,0.0,0.0,0.0,0.0,0
12.288928,other,dns,SF,261,0,0,0,0,0,0,0,0,0,0,0,0,0,0,0,0,0,20,97,0.0,0.0,0.0,0.0,0.35220468154599893,0.6477953184540011,1.0,500,97,0.0,0.0,0.0,0.0,0.0,0.0,0.0,0.0,1
8.963971,icmp,other,SF,882,882,0,0,0,0,0,0,0,0,0,0,0,0,0,0,0,0,29,345,0.0,0.0,0.0,0.0,0.5267283614589003,0.47327163854109966,1.0,500,345,0.0,0.0,0.0,0.0,0.0,0.0,0.0,0.0,0
8.800237,icmp,other,SF,882,882,0,0,0,0,0,0,0,0,0,0,0,0,0,0,0,0,27,345,0.0,0.0,0.0,0.0,0.5267283614589003,0.47327163854109966,1.0,500,345,0.0,0.0,0.0,0.0,0.0,0.0,0.0,0.0,0
8.623686,icmp,other,SF,882,882,0,0,0,0,0,0,0,0,0,0,0,0,0,0,0,0,27,345,0.0,0.0,0.0,0.0,0.5267283614589003,0.47327163854109966,1.0,500,345,0.0,0.0,0.0,0.0,0.0,0.0,0.0,0.0,0
8.45422,icmp,other,SF,882,882,0,0,0,0,0,0,0,0,0,0,0,0,0,0,0,0,29,345,0.0,0.0,0.0,0.0,0.5267283614589003,0.47327163854109966,1.0,500,345,0.0,0.0,0.0,0.0,0.0,0.0,0.0,0.0,0
12.287771,other,dns,SF,261,0,0,0,0,0,0,0,0,0,0,0,0,0,0,0,0,0,22,97,0.0,0.0,0.0,0.0,0.35220468154599893,0.6477953184540011,1.0,500,97,0.0,0.0,0.0,0.0,0.0,0.0,0.0,0.0,1
8.192585,icmp,other,SF,882,882,0,0,0,0,0,0,0,0,0,0,0,0,0,0,0,0,27,345,0.0,0.0,0.0,0.0,0.5267283614589003,0.47327163854109966,1.0,500,345,0.0,0.0,0.0,0.0,0.0,0.0,0.0,0.0,0
8.193167,icmp,other,SF,882,882,0,0,0,0,0,0,0,0,0,0,0,0,0,0,0,0,27,345,0.0,0.0,0.0,0.0,0.5267283614589003,0.47327163854109966,1.0,500,345,0.0,0.0,0.0,0.0,0.0,0.0,0.0,0.0,0
8.868898,icmp,other,SF,882,882,0,0,0,0,0,0,0,0,0,0,0,0,0,0,0,0,29,345,0.0,0.0,0.0,0.0,0.5267283614589003,0.47327163854109966,1.0,500,345,0.0,0.0,0.0,0.0,0.0,0.0,0.0,0.0,0
8.71134,icmp,other,SF,882,882,0,0,0,0,0,0,0,0,0,0,0,0,0,0,0,0,29,345,0.0,0.0,0.0,0.0,0.5267283614589003,0.47327163854109966,1.0,500,345,0.0,0.0,0.0,0.0,0.0,0.0,0.0,0.0,0
12.28831,other,dns,SF,261,0,0,0,0,0,0,0,0,0,0,0,0,0,0,0,0,0,20,97,0.0,0.0,0.0,0.0,0.35220468154599893,0.6477953184540011,1.0,500,97,0.0,0.0,0.0,0.0,0.0,0.0,0.0,0.0,1
8.419175,icmp,other,SF,882,882,0,0,0,0,0,0,0,0,0,0,0,0,0,0,0,0,27,345,0.0,0.0,0.0,0.0,0.5267283614589003,0.47327163854109966,1.0,500,345,0.0,0.0,0.0,0.0,0.0,0.0,0.0,0.0,0
8.957098,icmp,other,SF,882,882,0,0,0,0,0,0,0,0,0,0,0,0,0,0,0,0,29,345,0.0,0.0,0.0,0.0,0.5267283614589003,0.47327163854109966,1.0,500,345,0.0,0.0,0.0,0.0,0.0,0.0,0.0,0.0,0
8.191938,icmp,other,SF,882,882,0,0,0,0,0,0,0,0,0,0,0,0,0,0,0,0,27,345,0.0,0.0,0.0,0.0,0.5267283614589003,0.47327163854109966,1.0,500,345,0.0,0.0,0.0,0.0,0.0,0.0,0.0,0.0,0
8.948625,icmp,other,SF,882,882,0,0,0,0,0,0,0,0,0,0,0,0,0,0,0,0,31,345,0.0,0.0,0.0,0.0,0.5267283614589003,0.47327163854109966,1.0,500,345,0.0,0.0,0.0,0.0,0.0,0.0,0.0,0.0,0
12.288005,other,dns,SF,261,0,0,0,0,0,0,0,0,0,0,0,0,0,0,0,0,0,20,97,0.0,0.0,0.0,0.0,0.35220468154599893,0.6477953184540011,1.0,500,97,0.0,0.0,0.0,0.0,0.0,0.0,0.0,0.0,1
8.747611,icmp,port5353,SF,882,882,0,0,0,0,0,0,0,0,0,0,0,0,0,0,0,0,40,51,0.0,0.0,0.0,0.0,0.10718562874251497,0.892814371257485,1.0,500,51,0.0,0.0,0.0,0.0,0.0,0.0,0.0,0.0,0
8.506801,icmp,other,SF,882,882,0,0,0,0,0,0,0,0,0,0,0,0,0,0,0,0,27,345,0.0,0.0,0.0,0.0,0.5267283614589003,0.47327163854109966,1.0,500,345,0.0,0.0,0.0,0.0,0.0,0.0,0.0,0.0,0
8.343261,icmp,other,SF,882,882,0,0,0,0,0,0,0,0,0,0,0,0,0,0,0,0,29,345,0.0,0.0,0.0,0.0,0.5267283614589003,0.47327163854109966,1.0,500,345,0.0,0.0,0.0,0.0,0.0,0.0,0.0,0.0,0
8.191151,icmp,other,SF,882,882,0,0,0,0,0,0,0,0,0,0,0,0,0,0,0,0,27,345,0.0,0.0,0.0,0.0,0.5267283614589003,0.47327163854109966,1.0,500,345,0.0,0.0,0.0,0.0,0.0,0.0,0.0,0.0,0
12.288565,other,dns,SF,261,0,0,0,0,0,0,0,0,0,0,0,0,0,0,0,0,0,20,97,0.0,0.0,0.0,0.0,0.35220468154599893,0.6477953184540011,1.0,500,97,0.0,0.0,0.0,0.0,0.0,0.0,0.0,0.0,1
8.908778,icmp,other,SF,882,882,0,0,0,0,0,0,0,0,0,0,0,0,0,0,0,0,31,345,0.0,0.0,0.0,0.0,0.5267283614589003,0.47327163854109966,1.0,500,345,0.0,0.0,0.0,0.0,0.0,0.0,0.0,0.0,0
8.740221,icmp,other,SF,882,882,0,0,0,0,0,0,0,0,0,0,0,0,0,0,0,0,27,345,0.0,0.0,0.0,0.0,0.5267283614589003,0.47327163854109966,1.0,500,345,0.0,0.0,0.0,0.0,0.0,0.0,0.0,0.0,0
8.609257,icmp,other,SF,882,882,0,0,0,0,0,0,0,0,0,0,0,0,0,0,0,0,31,345,0.0,0.0,0.0,0.0,0.5267283614589003,0.47327163854109966,1.0,500,345,0.0,0.0,0.0,0.0,0.0,0.0,0.0,0.0,0
8.423851,icmp,other,SF,882,882,0,0,0,0,0,0,0,0,0,0,0,0,0,0,0,0,27,345,0.0,0.0,0.0,0.0,0.5267283614589003,0.47327163854109966,1.0,500,345,0.0,0.0,0.0,0.0,0.0,0.0,0.0,0.0,0
12.286022,other,dns,SF,261,0,0,0,0,0,0,0,0,0,0,0,0,0,0,0,0,0,20,97,0.0,0.0,0.0,0.0,0.35220468154599893,0.6477953184540011,1.0,500,97,0.0,0.0,0.0,0.0,0.0,0.0,0.0,0.0,1
8.192582,icmp,port5353,SF,882,882,0,0,0,0,0,0,0,0,0,0,0,0,0,0,0,0,43,51,0.0,0.0,0.0,0.0,0.10718562874251497,0.892814371257485,1.0,500,51,0.0,0.0,0.0,0.0,0.0,0.0,0.0,0.0,0
8.978471,icmp,other,SF,882,882,0,0,0,0,0,0,0,0,0,0,0,0,0,0,0,0,27,345,0.0,0.0,0.0,0.0,0.5267283614589003,0.47327163854109966,1.0,500,345,0.0,0.0,0.0,0.0,0.0,0.0,0.0,0.0,0
8.864709,icmp,other,SF,882,882,0,0,0,0,0,0,0,0,0,0,0,0,0,0,0,0,31,345,0.0,0.0,0.0,0.0,0.5267283614589003,0.47327163854109966,1.0,500,345,0.0,0.0,0.0,0.0,0.0,0.0,0.0,0.0,0
8.638265,icmp,other,SF,882,882,0,0,0,0,0,0,0,0,0,0,0,0,0,0,0,0,27,345,0.0,0.0,0.0,0.0,0.5267283614589003,0.47327163854109966,1.0,500,345,0.0,0.0,0.0,0.0,0.0,0.0,0.0,0.0,0
12.288066,other,dns,SF,261,0,0,0,0,0,0,0,0,0,0,0,0,0,0,0,0,0,20,97,0.0,0.0,0.0,0.0,0.35220468154599893,0.6477953184540011,1.0,500,97,0.0,0.0,0.0,0.0,0.0,0.0,0.0,0.0,1
8.388887,icmp,other,SF,882,882,0,0,0,0,0,0,0,0,0,0,0,0,0,0,0,0,31,345,0.0,0.0,0.0,0.0,0.5267283614589003,0.47327163854109966,1.0,500,345,0.0,0.0,0.0,0.0,0.0,0.0,0.0,0.0,0
8.216786,icmp,other,SF,882,882,0,0,0,0,0,0,0,0,0,0,0,0,0,0,0,0,27,345,0.0,0.0,0.0,0.0,0.5267283614589003,0.47327163854109966,1.0,500,345,0.0,0.0,0.0,0.0,0.0,0.0,0.0,0.0,0
8.192341,icmp,other,SF,882,882,0,0,0,0,0,0,0,0,0,0,0,0,0,0,0,0,31,345,0.0,0.0,0.0,0.0,0.5267283614589003,0.47327163854109966,1.0,500,345,0.0,0.0,0.0,0.0,0.0,0.0,0.0,0.0,0
8.908817,icmp,other,SF,882,882,0,0,0,0,0,0,0,0,0,0,0,0,0,0,0,0,27,345,0.0,0.0,0.0,0.0,0.5267283614589003,0.47327163854109966,1.0,500,345,0.0,0.0,0.0,0.0,0.0,0.0,0.0,0.0,0
12.287939,other,dns,SF,261,0,0,0,0,0,0,0,0,0,0,0,0,0,0,0,0,0,20,97,0.0,0.0,0.0,0.0,0.35220468154599893,0.6477953184540011,1.0,500,97,0.0,0.0,0.0,0.0,0.0,0.0,0.0,0.0,1
8.623077,icmp,port5353,SF,882,882,0,0,0,0,0,0,0,0,0,0,0,0,0,0,0,0,41,51,0.0,0.0,0.0,0.0,0.10718562874251497,0.892814371257485,1.0,500,51,0.0,0.0,0.0,0.0,0.0,0.0,0.0,0.0,0
8.462912,icmp,other,SF,882,882,0,0,0,0,0,0,0,0,0,0,0,0,0,0,0,0,29,345,0.0,0.0,0.0,0.0,0.5267283614589003,0.47327163854109966,1.0,500,345,0.0,0.0,0.0,0.0,0.0,0.0,0.0,0.0,0
8.35167,icmp,other,SF,882,882,0,0,0,0,0,0,0,0,0,0,0,0,0,0,0,0,29,345,0.0,0.0,0.0,0.0,0.5267283614589003,0.47327163854109966,1.0,500,345,0.0,0.0,0.0,0.0,0.0,0.0,0.0,0.0,0
8.191286,icmp,other,SF,882,882,0,0,0,0,0,0,0,0,0,0,0,0,0,0,0,0,27,345,0.0,0.0,0.0,0.0,0.5267283614589003,0.47327163854109966,1.0,500,345,0.0,0.0,0.0,0.0,0.0,0.0,0.0,0.0,0
11.262785,other,dns,SF,261,0,0,0,0,0,0,0,0,0,0,0,0,0,0,0,0,0,19,97,0.0,0.0,0.0,0.0,0.35220468154599893,0.6477953184540011,1.0,500,97,0.0,0.0,0.0,0.0,0.0,0.0,0.0,0.0,1
8.908868,icmp,other,SF,882,882,0,0,0,0,0,0,0,0,0,0,0,0,0,0,0,0,29,345,0.0,0.0,0.0,0.0,0.5267283614589003,0.47327163854109966,1.0,500,345,0.0,0.0,0.0,0.0,0.0,0.0,0.0,0.0,0
8.742712,icmp,other,SF,882,882,0,0,0,0,0,0,0,0,0,0,0,0,0,0,0,0,27,345,0.0,0.0,0.0,0.0,0.5267283614589003,0.47327163854109966,1.0,500,345,0.0,0.0,0.0,0.0,0.0,0.0,0.0,0.0,0
8.590316,icmp,other,SF,882,882,0,0,0,0,0,0,0,0,0,0,0,0,0,0,0,0,27,345,0.0,0.0,0.0,0.0,0.5267283614589003,0.47327163854109966,1.0,500,345,0.0,0.0,0.0,0.0,0.0,0.0,0.0,0.0,0
8.437525,icmp,other,SF,882,882,0,0,0,0,0,0,0,0,0,0,0,0,0,0,0,0,27,345,0.0,0.0,0.0,0.0,0.5267283614589003,0.47327163854109966,1.0,500,345,0.0,0.0,0.0,0.0,0.0,0.0,0.0,0.0,0
12.287376,other,dns,SF,261,0,0,0,0,0,0,0,0,0,0,0,0,0,0,0,0,0,20,97,0.0,0.0,0.0,0.0,0.35220468154599893,0.6477953184540011,1.0,500,97,0.0,0.0,0.0,0.0,0.0,0.0,0.0,0.0,1
8.192232,icmp,port5353,SF,882,882,0,0,0,0,0,0,0,0,0,0,0,0,0,0,0,0,41,51,0.0,0.0,0.0,0.0,0.10718562874251497,0.892814371257485,1.0,500,51,0.0,0.0,0.0,0.0,0.0,0.0,0.0,0.0,0
8.211798,icmp,other,SF,882,882,0,0,0,0,0,0,0,0,0,0,0,0,0,0,0,0,27,345,0.0,0.0,0.0,0.0,0.5267283614589003,0.47327163854109966,1.0,500,345,0.0,0.0,0.0,0.0,0.0,0.0,0.0,0.0,0
8.867988,icmp,other,SF,882,882,0,0,0,0,0,0,0,0,0,0,0,0,0,0,0,0,27,345,0.0,0.0,0.0,0.0,0.5267283614589003,0.47327163854109966,1.0,500,345,0.0,0.0,0.0,0.0,0.0,0.0,0.0,0.0,0
8.697445,icmp,other,SF,882,882,0,0,0,0,0,0,0,0,0,0,0,0,0,0,0,0,27,345,0.0,0.0,0.0,0.0,0.5267283614589003,0.47327163854109966,1.0,500,345,0.0,0.0,0.0,0.0,0.0,0.0,0.0,0.0,0
12.287749,other,dns,SF,261,0,0,0,0,0,0,0,0,0,0,0,0,0,0,0,0,0,20,97,0.0,0.0,0.0,0.0,0.35220468154599893,0.6477953184540011,1.0,500,97,0.0,0.0,0.0,0.0,0.0,0.0,0.0,0.0,1
8.456559,icmp,other,SF,882,882,0,0,0,0,0,0,0,0,0,0,0,0,0,0,0,0,29,345,0.0,0.0,0.0,0.0,0.5267283614589003,0.47327163854109966,1.0,500,345,0.0,0.0,0.0,0.0,0.0,0.0,0.0,0.0,0
8.283014,icmp,other,SF,882,882,0,0,0,0,0,0,0,0,0,0,0,0,0,0,0,0,27,345,0.0,0.0,0.0,0.0,0.5267283614589003,0.47327163854109966,1.0,500,345,0.0,0.0,0.0,0.0,0.0,0.0,0.0,0.0,0
8.192313,icmp,other,SF,882,882,0,0,0,0,0,0,0,0,0,0,0,0,0,0,0,0,27,345,0.0,0.0,0.0,0.0,0.5267283614589003,0.47327163854109966,1.0,500,345,0.0,0.0,0.0,0.0,0.0,0.0,0.0,0.0,0
8.014201,icmp,other,SF,882,882,0,0,0,0,0,0,0,0,0,0,0,0,0,0,0,0,26,345,0.0,0.0,0.0,0.0,0.5267283614589003,0.47327163854109966,1.0,500,345,0.0,0.0,0.0,0.0,0.0,0.0,0.0,0.0,0
12.28791,other,dns,SF,261,0,0,0,0,0,0,0,0,0,0,0,0,0,0,0,0,0,20,97,0.0,0.0,0.0,0.0,0.35220468154599893,0.6477953184540011,1.0,500,97,0.0,0.0,0.0,0.0,0.0,0.0,0.0,0.0,1
8.756439,icmp,port5353,SF,882,882,0,0,0,0,0,0,0,0,0,0,0,0,0,0,0,0,41,51,0.0,0.0,0.0,0.0,0.10718562874251497,0.892814371257485,1.0,500,51,0.0,0.0,0.0,0.0,0.0,0.0,0.0,0.0,0
8.59262,icmp,other,SF,882,882,0,0,0,0,0,0,0,0,0,0,0,0,0,0,0,0,27,345,0.0,0.0,0.0,0.0,0.5267283614589003,0.47327163854109966,1.0,500,345,0.0,0.0,0.0,0.0,0.0,0.0,0.0,0.0,0
8.439922,icmp,other,SF,882,882,0,0,0,0,0,0,0,0,0,0,0,0,0,0,0,0,27,345,0.0,0.0,0.0,0.0,0.5267283614589003,0.47327163854109966,1.0,500,345,0.0,0.0,0.0,0.0,0.0,0.0,0.0,0.0,0
8.287923,icmp,other,SF,882,882,0,0,0,0,0,0,0,0,0,0,0,0,0,0,0,0,27,345,0.0,0.0,0.0,0.0,0.5267283614589003,0.47327163854109966,1.0,500,345,0.0,0.0,0.0,0.0,0.0,0.0,0.0,0.0,0
12.288136,other,dns,SF,261,0,0,0,0,0,0,0,0,0,0,0,0,0,0,0,0,0,20,97,0.0,0.0,0.0,0.0,0.35220468154599893,0.6477953184540011,1.0,500,97,0.0,0.0,0.0,0.0,0.0,0.0,0.0,0.0,1
8.013067,icmp,other,SF,882,882,0,0,0,0,0,0,0,0,0,0,0,0,0,0,0,0,28,345,0.0,0.0,0.0,0.0,0.5267283614589003,0.47327163854109966,1.0,500,345,0.0,0.0,0.0,0.0,0.0,0.0,0.0,0.0,0
8.872837,icmp,other,SF,882,882,0,0,0,0,0,0,0,0,0,0,0,0,0,0,0,0,27,345,0.0,0.0,0.0,0.0,0.5267283614589003,0.47327163854109966,1.0,500,345,0.0,0.0,0.0,0.0,0.0,0.0,0.0,0.0,0
8.707481,icmp,other,SF,882,882,0,0,0,0,0,0,0,0,0,0,0,0,0,0,0,0,27,345,0.0,0.0,0.0,0.0,0.5267283614589003,0.47327163854109966,1.0,500,345,0.0,0.0,0.0,0.0,0.0,0.0,0.0,0.0,0
8.543017,icmp,other,SF,882,882,0,0,0,0,0,0,0,0,0,0,0,0,0,0,0,0,29,345,0.0,0.0,0.0,0.0,0.5267283614589003,0.47327163854109966,1.0,500,345,0.0,0.0,0.0,0.0,0.0,0.0,0.0,0.0,0
12.287972,other,dns,SF,261,0,0,0,0,0,0,0,0,0,0,0,0,0,0,0,0,0,20,97,0.0,0.0,0.0,0.0,0.35220468154599893,0.6477953184540011,1.0,500,97,0.0,0.0,0.0,0.0,0.0,0.0,0.0,0.0,1
8.268989,icmp,port5353,SF,882,882,0,0,0,0,0,0,0,0,0,0,0,0,0,0,0,0,39,51,0.0,0.0,0.0,0.0,0.10718562874251497,0.892814371257485,1.0,500,51,0.0,0.0,0.0,0.0,0.0,0.0,0.0,0.0,0
8.192081,icmp,other,SF,882,882,0,0,0,0,0,0,0,0,0,0,0,0,0,0,0,0,29,345,0.0,0.0,0.0,0.0,0.5267283614589003,0.47327163854109966,1.0,500,345,0.0,0.0,0.0,0.0,0.0,0.0,0.0,0.0,0
8.987122,icmp,other,SF,882,882,0,0,0,0,0,0,0,0,0,0,0,0,0,0,0,0,27,345,0.0,0.0,0.0,0.0,0.5267283614589003,0.47327163854109966,1.0,500,345,0.0,0.0,0.0,0.0,0.0,0.0,0.0,0.0,0
8.832922,icmp,other,SF,882,882,0,0,0,0,0,0,0,0,0,0,0,0,0,0,0,0,29,345,0.0,0.0,0.0,0.0,0.5267283614589003,0.47327163854109966,1.0,500,345,0.0,0.0,0.0,0.0,0.0,0.0,0.0,0.0,0
12.287795,other,dns,SF,261,0,0,0,0,0,0,0,0,0,0,0,0,0,0,0,0,0,20,97,0.0,0.0,0.0,0.0,0.35220468154599893,0.6477953184540011,1.0,500,97,0.0,0.0,0.0,0.0,0.0,0.0,0.0,0.0,1
8.555604,icmp,other,SF,882,882,0,0,0,0,0,0,0,0,0,0,0,0,0,0,0,0,29,345,0.0,0.0,0.0,0.0,0.5267283614589003,0.47327163854109966,1.0,500,345,0.0,0.0,0.0,0.0,0.0,0.0,0.0,0.0,0
8.394615,icmp,other,SF,882,882,0,0,0,0,0,0,0,0,0,0,0,0,0,0,0,0,30,345,0.0,0.0,0.0,0.0,0.5267283614589003,0.47327163854109966,1.0,500,345,0.0,0.0,0.0,0.0,0.0,0.0,0.0,0.0,0
8.237722,icmp,other,SF,882,882,0,0,0,0,0,0,0,0,0,0,0,0,0,0,0,0,29,345,0.0,0.0,0.0,0.0,0.5267283614589003,0.47327163854109966,1.0,500,345,0.0,0.0,0.0,0.0,0.0,0.0,0.0,0.0,0
8.192135,icmp,other,SF,882,882,0,0,0,0,0,0,0,0,0,0,0,0,0,0,0,0,27,345,0.0,0.0,0.0,0.0,0.5267283614589003,0.47327163854109966,1.0,500,345,0.0,0.0,0.0,0.0,0.0,0.0,0.0,0.0,0
12.288031,other,dns,SF,261,0,0,0,0,0,0,0,0,0,0,0,0,0,0,0,0,0,20,97,0.0,0.0,0.0,0.0,0.35220468154599893,0.6477953184540011,1.0,500,97,0.0,0.0,0.0,0.0,0.0,0.0,0.0,0.0,1
8.960653,icmp,port5353,SF,882,882,0,0,0,0,0,0,0,0,0,0,0,0,0,0,0,0,40,51,0.0,0.0,0.0,0.0,0.10718562874251497,0.892814371257485,1.0,500,51,0.0,0.0,0.0,0.0,0.0,0.0,0.0,0.0,0
8.651,icmp,other,SF,882,882,0,0,0,0,0,0,0,0,0,0,0,0,0,0,0,0,27,345,0.0,0.0,0.0,0.0,0.5267283614589003,0.47327163854109966,1.0,500,345,0.0,0.0,0.0,0.0,0.0,0.0,0.0,0.0,0
8.48104,icmp,other,SF,882,882,0,0,0,0,0,0,0,0,0,0,0,0,0,0,0,0,29,345,0.0,0.0,0.0,0.0,0.5267283614589003,0.47327163854109966,1.0,500,345,0.0,0.0,0.0,0.0,0.0,0.0,0.0,0.0,0
8.30879,icmp,other,SF,882,882,0,0,0,0,0,0,0,0,0,0,0,0,0,0,0,0,29,345,0.0,0.0,0.0,0.0,0.5267283614589003,0.47327163854109966,1.0,500,345,0.0,0.0,0.0,0.0,0.0,0.0,0.0,0.0,0
12.288001,other,dns,SF,261,0,0,0,0,0,0,0,0,0,0,0,0,0,0,0,0,0,20,97,0.0,0.0,0.0,0.0,0.35220468154599893,0.6477953184540011,1.0,500,97,0.0,0.0,0.0,0.0,0.0,0.0,0.0,0.0,1
8.196463,icmp,other,SF,882,882,0,0,0,0,0,0,0,0,0,0,0,0,0,0,0,0,29,345,0.0,0.0,0.0,0.0,0.5267283614589003,0.47327163854109966,1.0,500,345,0.0,0.0,0.0,0.0,0.0,0.0,0.0,0.0,0
8.86675,icmp,other,SF,882,882,0,0,0,0,0,0,0,0,0,0,0,0,0,0,0,0,27,345,0.0,0.0,0.0,0.0,0.5267283614589003,0.47327163854109966,1.0,500,345,0.0,0.0,0.0,0.0,0.0,0.0,0.0,0.0,0
8.700132,icmp,other,SF,882,882,0,0,0,0,0,0,0,0,0,0,0,0,0,0,0,0,29,345,0.0,0.0,0.0,0.0,0.5267283614589003,0.47327163854109966,1.0,500,345,0.0,0.0,0.0,0.0,0.0,0.0,0.0,0.0,0
8.529779,icmp,other,SF,882,882,0,0,0,0,0,0,0,0,0,0,0,0,0,0,0,0,27,345,0.0,0.0,0.0,0.0,0.5267283614589003,0.47327163854109966,1.0,500,345,0.0,0.0,0.0,0.0,0.0,0.0,0.0,0.0,0
12.28739,other,dns,SF,261,0,0,0,0,0,0,0,0,0,0,0,0,0,0,0,0,0,20,97,0.0,0.0,0.0,0.0,0.35220468154599893,0.6477953184540011,1.0,500,97,0.0,0.0,0.0,0.0,0.0,0.0,0.0,0.0,1
8.217094,icmp,other,SF,882,882,0,0,0,0,0,0,0,0,0,0,0,0,0,0,0,0,29,345,0.0,0.0,0.0,0.0,0.5267283614589003,0.47327163854109966,1.0,500,345,0.0,0.0,0.0,0.0,0.0,0.0,0.0,0.0,0
8.191887,icmp,other,SF,882,882,0,0,0,0,0,0,0,0,0,0,0,0,0,0,0,0,27,345,0.0,0.0,0.0,0.0,0.5267283614589003,0.47327163854109966,1.0,500,345,0.0,0.0,0.0,0.0,0.0,0.0,0.0,0.0,0
8.939568,icmp,other,SF,882,882,0,0,0,0,0,0,0,0,0,0,0,0,0,0,0,0,31,345,0.0,0.0,0.0,0.0,0.5267283614589003,0.47327163854109966,1.0,500,345,0.0,0.0,0.0,0.0,0.0,0.0,0.0,0.0,0
8.78096,icmp,other,SF,882,882,0,0,0,0,0,0,0,0,0,0,0,0,0,0,0,0,27,345,0.0,0.0,0.0,0.0,0.5267283614589003,0.47327163854109966,1.0,500,345,0.0,0.0,0.0,0.0,0.0,0.0,0.0,0.0,0
12.288159,other,dns,SF,261,0,0,0,0,0,0,0,0,0,0,0,0,0,0,0,0,0,21,97,0.0,0.0,0.0,0.0,0.35220468154599893,0.6477953184540011,1.0,500,97,0.0,0.0,0.0,0.0,0.0,0.0,0.0,0.0,1
8.488514,icmp,other,SF,882,882,0,0,0,0,0,0,0,0,0,0,0,0,0,0,0,0,29,345,0.0,0.0,0.0,0.0,0.5267283614589003,0.47327163854109966,1.0,500,345,0.0,0.0,0.0,0.0,0.0,0.0,0.0,0.0,0
8.322567,icmp,other,SF,882,882,0,0,0,0,0,0,0,0,0,0,0,0,0,0,0,0,27,345,0.0,0.0,0.0,0.0,0.5267283614589003,0.47327163854109966,1.0,500,345,0.0,0.0,0.0,0.0,0.0,0.0,0.0,0.0,0
8.351939,icmp,other,SF,882,882,0,0,0,0,0,0,0,0,0,0,0,0,0,0,0,0,28,345,0.0,0.0,0.0,0.0,0.5267283614589003,0.47327163854109966,1.0,500,345,0.0,0.0,0.0,0.0,0.0,0.0,0.0,0.0,0
8.012272,icmp,other,SF,882,882,0,0,0,0,0,0,0,0,0,0,0,0,0,0,0,0,26,345,0.0,0.0,0.0,0.0,0.5267283614589003,0.47327163854109966,1.0,500,345,0.0,0.0,0.0,0.0,0.0,0.0,0.0,0.0,0
12.287731,other,dns,SF,261,0,0,0,0,0,0,0,0,0,0,0,0,0,0,0,0,0,20,97,0.0,0.0,0.0,0.0,0.35220468154599893,0.6477953184540011,1.0,500,97,0.0,0.0,0.0,0.0,0.0,0.0,0.0,0.0,1
8.757846,icmp,other,SF,882,882,0,0,0,0,0,0,0,0,0,0,0,0,0,0,0,0,27,345,0.0,0.0,0.0,0.0,0.5267283614589003,0.47327163854109966,1.0,500,345,0.0,0.0,0.0,0.0,0.0,0.0,0.0,0.0,0
8.628267,icmp,port5353,SF,882,882,0,0,0,0,0,0,0,0,0,0,0,0,0,0,0,0,39,51,0.0,0.0,0.0,0.0,0.10718562874251497,0.892814371257485,1.0,500,51,0.0,0.0,0.0,0.0,0.0,0.0,0.0,0.0,0
8.608618,icmp,port5353,SF,882,969,0,0,0,0,0,0,0,0,0,0,0,0,0,0,0,0,33,51,0.0,0.0,0.0,0.0,0.10718562874251497,0.892814371257485,1.0,500,51,0.0,0.0,0.0,0.0,0.0,0.0,0.0,0.0,0
8.311019,icmp,other,SF,882,882,0,0,0,0,0,0,0,0,0,0,0,0,0,0,0,0,27,345,0.0,0.0,0.0,0.0,0.5267283614589003,0.47327163854109966,1.0,500,345,0.0,0.0,0.0,0.0,0.0,0.0,0.0,0.0,0
12.287042,other,dns,SF,261,0,0,0,0,0,0,0,0,0,0,0,0,0,0,0,0,0,20,97,0.0,0.0,0.0,0.0,0.35220468154599893,0.6477953184540011,1.0,500,97,0.0,0.0,0.0,0.0,0.0,0.0,0.0,0.0,1
8.192067,icmp,other,SF,882,882,0,0,0,0,0,0,0,0,0,0,0,0,0,0,0,0,29,345,0.0,0.0,0.0,0.0,0.5267283614589003,0.47327163854109966,1.0,500,345,0.0,0.0,0.0,0.0,0.0,0.0,0.0,0.0,0
8.906632,icmp,other,SF,882,882,0,0,0,0,0,0,0,0,0,0,0,0,0,0,0,0,27,345,0.0,0.0,0.0,0.0,0.5267283614589003,0.47327163854109966,1.0,500,345,0.0,0.0,0.0,0.0,0.0,0.0,0.0,0.0,0
8.865159,icmp,other,SF,882,882,0,0,0,0,0,0,0,0,0,0,0,0,0,0,0,0,29,345,0.0,0.0,0.0,0.0,0.5267283614589003,0.47327163854109966,1.0,500,345,0.0,0.0,0.0,0.0,0.0,0.0,0.0,0.0,0
8.586865,icmp,other,SF,882,882,0,0,0,0,0,0,0,0,0,0,0,0,0,0,0,0,27,345,0.0,0.0,0.0,0.0,0.5267283614589003,0.47327163854109966,1.0,500,345,0.0,0.0,0.0,0.0,0.0,0.0,0.0,0.0,0
12.288206,other,dns,SF,261,0,0,0,0,0,0,0,0,0,0,0,0,0,0,0,0,0,22,97,0.0,0.0,0.0,0.0,0.35220468154599893,0.6477953184540011,1.0,500,97,0.0,0.0,0.0,0.0,0.0,0.0,0.0,0.0,1
8.292122,icmp,other,SF,882,882,0,0,0,0,0,0,0,0,0,0,0,0,0,0,0,0,27,345,0.0,0.0,0.0,0.0,0.5267283614589003,0.47327163854109966,1.0,500,345,0.0,0.0,0.0,0.0,0.0,0.0,0.0,0.0,0
8.192618,icmp,port5353,SF,882,882,0,0,0,0,0,0,0,0,0,0,0,0,0,0,0,0,39,51,0.0,0.0,0.0,0.0,0.10718562874251497,0.892814371257485,1.0,500,51,0.0,0.0,0.0,0.0,0.0,0.0,0.0,0.0,0
8.132166,icmp,other,SF,882,882,0,0,0,0,0,0,0,0,0,0,0,0,0,0,0,0,30,345,0.0,0.0,0.0,0.0,0.5267283614589003,0.47327163854109966,1.0,500,345,0.0,0.0,0.0,0.0,0.0,0.0,0.0,0.0,0
8.848359,icmp,other,SF,882,882,0,0,0,0,0,0,0,0,0,0,0,0,0,0,0,0,27,345,0.0,0.0,0.0,0.0,0.5267283614589003,0.47327163854109966,1.0,500,345,0.0,0.0,0.0,0.0,0.0,0.0,0.0,0.0,0
12.287226,other,dns,SF,261,0,0,0,0,0,0,0,0,0,0,0,0,0,0,0,0,0,20,97,0.0,0.0,0.0,0.0,0.35220468154599893,0.6477953184540011,1.0,500,97,0.0,0.0,0.0,0.0,0.0,0.0,0.0,0.0,1
8.563697,icmp,other,SF,882,882,0,0,0,0,0,0,0,0,0,0,0,0,0,0,0,0,27,345,0.0,0.0,0.0,0.0,0.5267283614589003,0.47327163854109966,1.0,500,345,0.0,0.0,0.0,0.0,0.0,0.0,0.0,0.0,0
8.413041,icmp,port1900,SF,882,882,0,0,0,0,0,0,0,0,0,0,0,0,0,0,0,0,30,2,0.0,0.0,0.0,0.0,0.0031573217201959717,0.996842678279804,1.0,500,2,0.0,0.0,0.0,0.0,0.0,0.0,0.0,0.0,0
8.353063,icmp,other,SF,882,882,0,0,0,0,0,0,0,0,0,0,0,0,0,0,0,0,29,345,0.0,0.0,0.0,0.0,0.5267283614589003,0.47327163854109966,1.0,500,345,0.0,0.0,0.0,0.0,0.0,0.0,0.0,0.0,0
8.191937,icmp,other,SF,882,882,0,0,0,0,0,0,0,0,0,0,0,0,0,0,0,0,27,345,0.0,0.0,0.0,0.0,0.5267283614589003,0.47327163854109966,1.0,500,345,0.0,0.0,0.0,0.0,0.0,0.0,0.0,0.0,0
12.288038,other,dns,SF,261,0,0,0,0,0,0,0,0,0,0,0,0,0,0,0,0,0,20,97,0.0,0.0,0.0,0.0,0.35220468154599893,0.6477953184540011,1.0,500,97,0.0,0.0,0.0,0.0,0.0,0.0,0.0,0.0,1
8.840687,icmp,other,SF,882,882,0,0,0,0,0,0,0,0,0,0,0,0,0,0,0,0,29,345,0.0,0.0,0.0,0.0,0.5267283614589003,0.47327163854109966,1.0,500,345,0.0,0.0,0.0,0.0,0.0,0.0,0.0,0.0,0
8.680491,icmp,port5353,SF,882,882,0,0,0,0,0,0,0,0,0,0,0,0,0,0,0,0,41,51,0.0,0.0,0.0,0.0,0.10718562874251497,0.892814371257485,1.0,500,51,0.0,0.0,0.0,0.0,0.0,0.0,0.0,0.0,0
8.520983,icmp,other,SF,882,882,0,0,0,0,0,0,0,0,0,0,0,0,0,0,0,0,27,345,0.0,0.0,0.0,0.0,0.5267283614589003,0.47327163854109966,1.0,500,345,0.0,0.0,0.0,0.0,0.0,0.0,0.0,0.0,0
8.363961,icmp,other,SF,882,882,0,0,0,0,0,0,0,0,0,0,0,0,0,0,0,0,29,345,0.0,0.0,0.0,0.0,0.5267283614589003,0.47327163854109966,1.0,500,345,0.0,0.0,0.0,0.0,0.0,0.0,0.0,0.0,0
12.288073,other,dns,SF,261,0,0,0,0,0,0,0,0,0,0,0,0,0,0,0,0,0,20,97,0.0,0.0,0.0,0.0,0.35220468154599893,0.6477953184540011,1.0,500,97,0.0,0.0,0.0,0.0,0.0,0.0,0.0,0.0,1
8.191888,icmp,other,SF,882,882,0,0,0,0,0,0,0,0,0,0,0,0,0,0,0,0,31,345,0.0,0.0,0.0,0.0,0.5267283614589003,0.47327163854109966,1.0,500,345,0.0,0.0,0.0,0.0,0.0,0.0,0.0,0.0,0
8.94077,icmp,other,SF,882,882,0,0,0,0,0,0,0,0,0,0,0,0,0,0,0,0,27,345,0.0,0.0,0.0,0.0,0.5267283614589003,0.47327163854109966,1.0,500,345,0.0,0.0,0.0,0.0,0.0,0.0,0.0,0.0,0
8.780535,icmp,other,SF,882,882,0,0,0,0,0,0,0,0,0,0,0,0,0,0,0,0,29,345,0.0,0.0,0.0,0.0,0.5267283614589003,0.47327163854109966,1.0,500,345,0.0,0.0,0.0,0.0,0.0,0.0,0.0,0.0,0
8.601645,icmp,other,SF,882,882,0,0,0,0,0,0,0,0,0,0,0,0,0,0,0,0,27,345,0.0,0.0,0.0,0.0,0.5267283614589003,0.47327163854109966,1.0,500,345,0.0,0.0,0.0,0.0,0.0,0.0,0.0,0.0,0
12.287944,other,dns,SF,261,0,0,0,0,0,0,0,0,0,0,0,0,0,0,0,0,0,20,97,0.0,0.0,0.0,0.0,0.35220468154599893,0.6477953184540011,1.0,500,97,0.0,0.0,0.0,0.0,0.0,0.0,0.0,0.0,1
8.304655,icmp,other,SF,882,882,0,0,0,0,0,0,0,0,0,0,0,0,0,0,0,0,31,345,0.0,0.0,0.0,0.0,0.5267283614589003,0.47327163854109966,1.0,500,345,0.0,0.0,0.0,0.0,0.0,0.0,0.0,0.0,0
8.191673,icmp,port5353,SF,882,882,0,0,0,0,0,0,0,0,0,0,0,0,0,0,0,0,39,51,0.0,0.0,0.0,0.0,0.10718562874251497,0.892814371257485,1.0,500,51,0.0,0.0,0.0,0.0,0.0,0.0,0.0,0.0,0
8.013706,icmp,other,SF,882,882,0,0,0,0,0,0,0,0,0,0,0,0,0,0,0,0,28,345,0.0,0.0,0.0,0.0,0.5267283614589003,0.47327163854109966,1.0,500,345,0.0,0.0,0.0,0.0,0.0,0.0,0.0,0.0,0
8.824358,icmp,other,SF,882,882,0,0,0,0,0,0,0,0,0,0,0,0,0,0,0,0,27,345,0.0,0.0,0.0,0.0,0.5267283614589003,0.47327163854109966,1.0,500,345,0.0,0.0,0.0,0.0,0.0,0.0,0.0,0.0,0
12.287957,other,dns,SF,261,0,0,0,0,0,0,0,0,0,0,0,0,0,0,0,0,0,20,97,0.0,0.0,0.0,0.0,0.35220468154599893,0.6477953184540011,1.0,500,97,0.0,0.0,0.0,0.0,0.0,0.0,0.0,0.0,1
8.540964,icmp,other,SF,882,882,0,0,0,0,0,0,0,0,0,0,0,0,0,0,0,0,31,345,0.0,0.0,0.0,0.0,0.5267283614589003,0.47327163854109966,1.0,500,345,0.0,0.0,0.0,0.0,0.0,0.0,0.0,0.0,0
8.391236,icmp,other,SF,882,882,0,0,0,0,0,0,0,0,0,0,0,0,0,0,0,0,27,345,0.0,0.0,0.0,0.0,0.5267283614589003,0.47327163854109966,1.0,500,345,0.0,0.0,0.0,0.0,0.0,0.0,0.0,0.0,0
8.236468,icmp,other,SF,882,882,0,0,0,0,0,0,0,0,0,0,0,0,0,0,0,0,27,345,0.0,0.0,0.0,0.0,0.5267283614589003,0.47327163854109966,1.0,500,345,0.0,0.0,0.0,0.0,0.0,0.0,0.0,0.0,0
8.19096,icmp,other,SF,882,882,0,0,0,0,0,0,0,0,0,0,0,0,0,0,0,0,27,345,0.0,0.0,0.0,0.0,0.5267283614589003,0.47327163854109966,1.0,500,345,0.0,0.0,0.0,0.0,0.0,0.0,0.0,0.0,0
12.288398,other,dns,SF,261,0,0,0,0,0,0,0,0,0,0,0,0,0,0,0,0,0,20,97,0.0,0.0,0.0,0.0,0.35220468154599893,0.6477953184540011,1.0,500,97,0.0,0.0,0.0,0.0,0.0,0.0,0.0,0.0,1
8.838587,icmp,other,SF,882,882,0,0,0,0,0,0,0,0,0,0,0,0,0,0,0,0,31,345,0.0,0.0,0.0,0.0,0.5267283614589003,0.47327163854109966,1.0,500,345,0.0,0.0,0.0,0.0,0.0,0.0,0.0,0.0,0
8.692911,icmp,port5353,SF,882,882,0,0,0,0,0,0,0,0,0,0,0,0,0,0,0,0,39,51,0.0,0.0,0.0,0.0,0.10718562874251497,0.892814371257485,1.0,500,51,0.0,0.0,0.0,0.0,0.0,0.0,0.0,0.0,0
8.60873,icmp,other,SF,882,882,0,0,0,0,0,0,0,0,0,0,0,0,0,0,0,0,29,345,0.0,0.0,0.0,0.0,0.5267283614589003,0.47327163854109966,1.0,500,345,0.0,0.0,0.0,0.0,0.0,0.0,0.0,0.0,0
8.409769,icmp,other,SF,882,882,0,0,0,0,0,0,0,0,0,0,0,0,0,0,0,0,27,345,0.0,0.0,0.0,0.0,0.5267283614589003,0.47327163854109966,1.0,500,345,0.0,0.0,0.0,0.0,0.0,0.0,0.0,0.0,0
12.287756,other,dns,SF,261,0,0,0,0,0,0,0,0,0,0,0,0,0,0,0,0,0,20,97,0.0,0.0,0.0,0.0,0.35220468154599893,0.6477953184540011,1.0,500,97,0.0,0.0,0.0,0.0,0.0,0.0,0.0,0.0,1
8.191225,icmp,other,SF,882,882,0,0,0,0,0,0,0,0,0,0,0,0,0,0,0,0,29,345,0.0,0.0,0.0,0.0,0.5267283614589003,0.47327163854109966,1.0,500,345,0.0,0.0,0.0,0.0,0.0,0.0,0.0,0.0,0
8.192205,icmp,other,SF,882,882,0,0,0,0,0,0,0,0,0,0,0,0,0,0,0,0,29,345,0.0,0.0,0.0,0.0,0.5267283614589003,0.47327163854109966,1.0,500,345,0.0,0.0,0.0,0.0,0.0,0.0,0.0,0.0,0
8.903319,icmp,other,SF,882,882,0,0,0,0,0,0,0,0,0,0,0,0,0,0,0,0,27,345,0.0,0.0,0.0,0.0,0.5267283614589003,0.47327163854109966,1.0,500,345,0.0,0.0,0.0,0.0,0.0,0.0,0.0,0.0,0
8.767161,icmp,other,SF,882,882,0,0,0,0,0,0,0,0,0,0,0,0,0,0,0,0,27,345,0.0,0.0,0.0,0.0,0.5267283614589003,0.47327163854109966,1.0,500,345,0.0,0.0,0.0,0.0,0.0,0.0,0.0,0.0,0
12.288049,other,dns,SF,261,0,0,0,0,0,0,0,0,0,0,0,0,0,0,0,0,0,20,97,0.0,0.0,0.0,0.0,0.35220468154599893,0.6477953184540011,1.0,500,97,0.0,0.0,0.0,0.0,0.0,0.0,0.0,0.0,1
8.539703,icmp,other,SF,882,882,0,0,0,0,0,0,0,0,0,0,0,0,0,0,0,0,29,345,0.0,0.0,0.0,0.0,0.5267283614589003,0.47327163854109966,1.0,500,345,0.0,0.0,0.0,0.0,0.0,0.0,0.0,0.0,0
8.38299,icmp,port5353,SF,882,882,0,0,0,0,0,0,0,0,0,0,0,0,0,0,0,0,41,51,0.0,0.0,0.0,0.0,0.10718562874251497,0.892814371257485,1.0,500,51,0.0,0.0,0.0,0.0,0.0,0.0,0.0,0.0,0
8.224237,icmp,other,SF,882,882,0,0,0,0,0,0,0,0,0,0,0,0,0,0,0,0,27,345,0.0,0.0,0.0,0.0,0.5267283614589003,0.47327163854109966,1.0,500,345,0.0,0.0,0.0,0.0,0.0,0.0,0.0,0.0,0
8.191292,icmp,other,SF,882,882,0,0,0,0,0,0,0,0,0,0,0,0,0,0,0,0,27,345,0.0,0.0,0.0,0.0,0.5267283614589003,0.47327163854109966,1.0,500,345,0.0,0.0,0.0,0.0,0.0,0.0,0.0,0.0,0
12.288299,other,dns,SF,261,0,0,0,0,0,0,0,0,0,0,0,0,0,0,0,0,0,20,97,0.0,0.0,0.0,0.0,0.35220468154599893,0.6477953184540011,1.0,500,97,0.0,0.0,0.0,0.0,0.0,0.0,0.0,0.0,1
8.92913,icmp,other,SF,882,882,0,0,0,0,0,0,0,0,0,0,0,0,0,0,0,0,29,345,0.0,0.0,0.0,0.0,0.5267283614589003,0.47327163854109966,1.0,500,345,0.0,0.0,0.0,0.0,0.0,0.0,0.0,0.0,0
8.864457,icmp,other,SF,882,882,0,0,0,0,0,0,0,0,0,0,0,0,0,0,0,0,29,345,0.0,0.0,0.0,0.0,0.5267283614589003,0.47327163854109966,1.0,500,345,0.0,0.0,0.0,0.0,0.0,0.0,0.0,0.0,0
8.610944,icmp,other,SF,882,882,0,0,0,0,0,0,0,0,0,0,0,0,0,0,0,0,27,345,0.0,0.0,0.0,0.0,0.5267283614589003,0.47327163854109966,1.0,500,345,0.0,0.0,0.0,0.0,0.0,0.0,0.0,0.0,0
8.49091,icmp,other,SF,882,882,0,0,0,0,0,0,0,0,0,0,0,0,0,0,0,0,27,345,0.0,0.0,0.0,0.0,0.5267283614589003,0.47327163854109966,1.0,500,345,0.0,0.0,0.0,0.0,0.0,0.0,0.0,0.0,0
12.288872,other,dns,SF,261,0,0,0,0,0,0,0,0,0,0,0,0,0,0,0,0,0,22,97,0.0,0.0,0.0,0.0,0.35220468154599893,0.6477953184540011,1.0,500,97,0.0,0.0,0.0,0.0,0.0,0.0,0.0,0.0,1
8.282603,icmp,other,SF,882,882,0,0,0,0,0,0,0,0,0,0,0,0,0,0,0,0,27,345,0.0,0.0,0.0,0.0,0.5267283614589003,0.47327163854109966,1.0,500,345,0.0,0.0,0.0,0.0,0.0,0.0,0.0,0.0,0
8.192168,icmp,port5353,SF,882,882,0,0,0,0,0,0,0,0,0,0,0,0,0,0,0,0,33,51,0.0,0.0,0.0,0.0,0.10718562874251497,0.892814371257485,1.0,500,51,0.0,0.0,0.0,0.0,0.0,0.0,0.0,0.0,0
8.013379,icmp,other,SF,882,882,0,0,0,0,0,0,0,0,0,0,0,0,0,0,0,0,26,345,0.0,0.0,0.0,0.0,0.5267283614589003,0.47327163854109966,1.0,500,345,0.0,0.0,0.0,0.0,0.0,0.0,0.0,0.0,0
8.852175,icmp,other,SF,882,882,0,0,0,0,0,0,0,0,0,0,0,0,0,0,0,0,27,345,0.0,0.0,0.0,0.0,0.5267283614589003,0.47327163854109966,1.0,500,345,0.0,0.0,0.0,0.0,0.0,0.0,0.0,0.0,0
12.288419,other,dns,SF,261,0,0,0,0,0,0,0,0,0,0,0,0,0,0,0,0,0,20,97,0.0,0.0,0.0,0.0,0.35220468154599893,0.6477953184540011,1.0,500,97,0.0,0.0,0.0,0.0,0.0,0.0,0.0,0.0,1
8.630961,icmp,other,SF,882,882,0,0,0,0,0,0,0,0,0,0,0,0,0,0,0,0,27,345,0.0,0.0,0.0,0.0,0.5267283614589003,0.47327163854109966,1.0,500,345,0.0,0.0,0.0,0.0,0.0,0.0,0.0,0.0,0
8.478704,other,port5355,SF,882,882,0,0,0,0,0,0,0,0,0,0,0,0,0,0,0,0,41,2,0.0,0.0,0.0,0.0,0.004246053347849755,0.9957539466521502,1.0,500,2,0.0,0.0,0.0,0.0,0.0,0.0,0.0,0.0,0
8.323013,icmp,other,SF,882,882,0,0,0,0,0,0,0,0,0,0,0,0,0,0,0,0,27,345,0.0,0.0,0.0,0.0,0.5267283614589003,0.47327163854109966,1.0,500,345,0.0,0.0,0.0,0.0,0.0,0.0,0.0,0.0,0
8.192035,icmp,other,SF,882,882,0,0,0,0,0,0,0,0,0,0,0,0,0,0,0,0,27,345,0.0,0.0,0.0,0.0,0.5267283614589003,0.47327163854109966,1.0,500,345,0.0,0.0,0.0,0.0,0.0,0.0,0.0,0.0,0
12.288264,other,dns,SF,261,0,0,0,0,0,0,0,0,0,0,0,0,0,0,0,0,0,20,97,0.0,0.0,0.0,0.0,0.35220468154599893,0.6477953184540011,1.0,500,97,0.0,0.0,0.0,0.0,0.0,0.0,0.0,0.0,1
9.039802,icmp,other,SF,882,882,0,0,0,0,0,0,0,0,0,0,0,0,0,0,0,0,29,345,0.0,0.0,0.0,0.0,0.5267283614589003,0.47327163854109966,1.0,500,345,0.0,0.0,0.0,0.0,0.0,0.0,0.0,0.0,0
8.892633,icmp,other,SF,882,882,0,0,0,0,0,0,0,0,0,0,0,0,0,0,0,0,27,345,0.0,0.0,0.0,0.0,0.5267283614589003,0.47327163854109966,1.0,500,345,0.0,0.0,0.0,0.0,0.0,0.0,0.0,0.0,0
8.747545,icmp,other,SF,882,882,0,0,0,0,0,0,0,0,0,0,0,0,0,0,0,0,27,345,0.0,0.0,0.0,0.0,0.5267283614589003,0.47327163854109966,1.0,500,345,0.0,0.0,0.0,0.0,0.0,0.0,0.0,0.0,0
8.612244,icmp,other,SF,882,882,0,0,0,0,0,0,0,0,0,0,0,0,0,0,0,0,29,345,0.0,0.0,0.0,0.0,0.5267283614589003,0.47327163854109966,1.0,500,345,0.0,0.0,0.0,0.0,0.0,0.0,0.0,0.0,0
12.288151,other,dns,SF,261,0,0,0,0,0,0,0,0,0,0,0,0,0,0,0,0,0,20,97,0.0,0.0,0.0,0.0,0.35220468154599893,0.6477953184540011,1.0,500,97,0.0,0.0,0.0,0.0,0.0,0.0,0.0,0.0,1
8.517076,icmp,other,SF,882,882,0,0,0,0,0,0,0,0,0,0,0,0,0,0,0,0,27,345,0.0,0.0,0.0,0.0,0.5267283614589003,0.47327163854109966,1.0,500,345,0.0,0.0,0.0,0.0,0.0,0.0,0.0,0.0,0
8.372699,icmp,other,SF,882,882,0,0,0,0,0,0,0,0,0,0,0,0,0,0,0,0,29,345,0.0,0.0,0.0,0.0,0.5267283614589003,0.47327163854109966,1.0,500,345,0.0,0.0,0.0,0.0,0.0,0.0,0.0,0.0,0
8.248817,icmp,other,SF,882,882,0,0,0,0,0,0,0,0,0,0,0,0,0,0,0,0,29,345,0.0,0.0,0.0,0.0,0.5267283614589003,0.47327163854109966,1.0,500,345,0.0,0.0,0.0,0.0,0.0,0.0,0.0,0.0,0
8.192389,icmp,other,SF,882,882,0,0,0,0,0,0,0,0,0,0,0,0,0,0,0,0,27,345,0.0,0.0,0.0,0.0,0.5267283614589003,0.47327163854109966,1.0,500,345,0.0,0.0,0.0,0.0,0.0,0.0,0.0,0.0,0
12.288379,other,dns,SF,261,0,0,0,0,0,0,0,0,0,0,0,0,0,0,0,0,0,20,97,0.0,0.0,0.0,0.0,0.35220468154599893,0.6477953184540011,1.0,500,97,0.0,0.0,0.0,0.0,0.0,0.0,0.0,0.0,1
8.865194,icmp,other,SF,882,882,0,0,0,0,0,0,0,0,0,0,0,0,0,0,0,0,29,345,0.0,0.0,0.0,0.0,0.5267283614589003,0.47327163854109966,1.0,500,345,0.0,0.0,0.0,0.0,0.0,0.0,0.0,0.0,0
8.704969,icmp,other,SF,882,882,0,0,0,0,0,0,0,0,0,0,0,0,0,0,0,0,27,345,0.0,0.0,0.0,0.0,0.5267283614589003,0.47327163854109966,1.0,500,345,0.0,0.0,0.0,0.0,0.0,0.0,0.0,0.0,0
8.973332,icmp,port5353,SF,882,882,0,0,0,0,0,0,0,0,0,0,0,0,0,0,0,0,41,51,0.0,0.0,0.0,0.0,0.10718562874251497,0.892814371257485,1.0,500,51,0.0,0.0,0.0,0.0,0.0,0.0,0.0,0.0,0
8.387995,icmp,other,SF,882,882,0,0,0,0,0,0,0,0,0,0,0,0,0,0,0,0,29,345,0.0,0.0,0.0,0.0,0.5267283614589003,0.47327163854109966,1.0,500,345,0.0,0.0,0.0,0.0,0.0,0.0,0.0,0.0,0
12.288427,other,dns,SF,261,0,0,0,0,0,0,0,0,0,0,0,0,0,0,0,0,0,20,97,0.0,0.0,0.0,0.0,0.35220468154599893,0.6477953184540011,1.0,500,97,0.0,0.0,0.0,0.0,0.0,0.0,0.0,0.0,1
8.193085,icmp,other,SF,882,882,0,0,0,0,0,0,0,0,0,0,0,0,0,0,0,0,27,345,0.0,0.0,0.0,0.0,0.5267283614589003,0.47327163854109966,1.0,500,345,0.0,0.0,0.0,0.0,0.0,0.0,0.0,0.0,0
8.968337,icmp,other,SF,882,882,0,0,0,0,0,0,0,0,0,0,0,0,0,0,0,0,29,345,0.0,0.0,0.0,0.0,0.5267283614589003,0.47327163854109966,1.0,500,345,0.0,0.0,0.0,0.0,0.0,0.0,0.0,0.0,0
8.89719,icmp,other,SF,882,882,0,0,0,0,0,0,0,0,0,0,0,0,0,0,0,0,29,345,0.0,0.0,0.0,0.0,0.5267283614589003,0.47327163854109966,1.0,500,345,0.0,0.0,0.0,0.0,0.0,0.0,0.0,0.0,0
8.650189,icmp,other,SF,882,882,0,0,0,0,0,0,0,0,0,0,0,0,0,0,0,0,27,345,0.0,0.0,0.0,0.0,0.5267283614589003,0.47327163854109966,1.0,500,345,0.0,0.0,0.0,0.0,0.0,0.0,0.0,0.0,0
12.288149,other,dns,SF,261,0,0,0,0,0,0,0,0,0,0,0,0,0,0,0,0,0,20,97,0.0,0.0,0.0,0.0,0.35220468154599893,0.6477953184540011,1.0,500,97,0.0,0.0,0.0,0.0,0.0,0.0,0.0,0.0,1
8.371744,icmp,other,SF,882,882,0,0,0,0,0,0,0,0,0,0,0,0,0,0,0,0,29,345,0.0,0.0,0.0,0.0,0.5267283614589003,0.47327163854109966,1.0,500,345,0.0,0.0,0.0,0.0,0.0,0.0,0.0,0.0,0
8.230933,icmp,other,SF,882,882,0,0,0,0,0,0,0,0,0,0,0,0,0,0,0,0,27,345,0.0,0.0,0.0,0.0,0.5267283614589003,0.47327163854109966,1.0,500,345,0.0,0.0,0.0,0.0,0.0,0.0,0.0,0.0,0
9.056242,icmp,port5353,SF,882,882,0,0,0,0,0,0,0,0,0,0,0,0,0,0,0,0,41,51,0.0,0.0,0.0,0.0,0.10718562874251497,0.892814371257485,1.0,500,51,0.0,0.0,0.0,0.0,0.0,0.0,0.0,0.0,0
8.934945,icmp,other,SF,882,882,0,0,0,0,0,0,0,0,0,0,0,0,0,0,0,0,29,345,0.0,0.0,0.0,0.0,0.5267283614589003,0.47327163854109966,1.0,500,345,0.0,0.0,0.0,0.0,0.0,0.0,0.0,0.0,0
12.287049,other,dns,SF,261,0,0,0,0,0,0,0,0,0,0,0,0,0,0,0,0,0,20,97,0.0,0.0,0.0,0.0,0.35220468154599893,0.6477953184540011,1.0,500,97,0.0,0.0,0.0,0.0,0.0,0.0,0.0,0.0,1
8.644636,icmp,other,SF,882,882,0,0,0,0,0,0,0,0,0,0,0,0,0,0,0,0,27,345,0.0,0.0,0.0,0.0,0.5267283614589003,0.47327163854109966,1.0,500,345,0.0,0.0,0.0,0.0,0.0,0.0,0.0,0.0,0
8.497011,icmp,port5355,SF,882,882,0,0,0,0,0,0,0,0,0,0,0,0,0,0,0,0,37,2,0.0,0.0,0.0,0.0,0.004246053347849755,0.9957539466521502,1.0,500,2,0.0,0.0,0.0,0.0,0.0,0.0,0.0,0.0,0
8.348855,icmp,other,SF,882,882,0,0,0,0,0,0,0,0,0,0,0,0,0,0,0,0,29,345,0.0,0.0,0.0,0.0,0.5267283614589003,0.47327163854109966,1.0,500,345,0.0,0.0,0.0,0.0,0.0,0.0,0.0,0.0,0
8.190929,icmp,other,SF,882,882,0,0,0,0,0,0,0,0,0,0,0,0,0,0,0,0,29,345,0.0,0.0,0.0,0.0,0.5267283614589003,0.47327163854109966,1.0,500,345,0.0,0.0,0.0,0.0,0.0,0.0,0.0,0.0,0
12.2882,other,dns,SF,261,0,0,0,0,0,0,0,0,0,0,0,0,0,0,0,0,0,20,97,0.0,0.0,0.0,0.0,0.35220468154599893,0.6477953184540011,1.0,500,97,0.0,0.0,0.0,0.0,0.0,0.0,0.0,0.0,1
8.914988,icmp,other,SF,882,882,0,0,0,0,0,0,0,0,0,0,0,0,0,0,0,0,27,345,0.0,0.0,0.0,0.0,0.5267283614589003,0.47327163854109966,1.0,500,345,0.0,0.0,0.0,0.0,0.0,0.0,0.0,0.0,0
8.760328,icmp,port138,SF,882,882,0,0,0,0,0,0,0,0,0,0,0,0,0,0,0,0,30,2,0.0,0.0,0.0,0.0,0.0031573217201959717,0.996842678279804,1.0,500,2,0.0,0.0,0.0,0.0,0.0,0.0,0.0,0.0,0
8.587408,icmp,port5353,SF,882,882,0,0,0,0,0,0,0,0,0,0,0,0,0,0,0,0,41,51,0.0,0.0,0.0,0.0,0.10718562874251497,0.892814371257485,1.0,500,51,0.0,0.0,0.0,0.0,0.0,0.0,0.0,0.0,0
8.417737,icmp,other,SF,882,882,0,0,0,0,0,0,0,0,0,0,0,0,0,0,0,0,27,345,0.0,0.0,0.0,0.0,0.5267283614589003,0.47327163854109966,1.0,500,345,0.0,0.0,0.0,0.0,0.0,0.0,0.0,0.0,0
12.992347,other,dns,SF,261,0,0,0,0,0,0,0,0,0,0,0,0,0,0,0,0,0,22,97,0.0,0.0,0.0,0.0,0.35220468154599893,0.6477953184540011,1.0,500,97,0.0,0.0,0.0,0.0,0.0,0.0,0.0,0.0,1
8.191747,icmp,other,SF,882,882,0,0,0,0,0,0,0,0,0,0,0,0,0,0,0,0,27,345,0.0,0.0,0.0,0.0,0.5267283614589003,0.47327163854109966,1.0,500,345,0.0,0.0,0.0,0.0,0.0,0.0,0.0,0.0,0
8.015319,icmp,other,SF,882,882,0,0,0,0,0,0,0,0,0,0,0,0,0,0,0,0,28,345,0.0,0.0,0.0,0.0,0.5267283614589003,0.47327163854109966,1.0,500,345,0.0,0.0,0.0,0.0,0.0,0.0,0.0,0.0,0
8.865386,icmp,other,SF,882,882,0,0,0,0,0,0,0,0,0,0,0,0,0,0,0,0,29,345,0.0,0.0,0.0,0.0,0.5267283614589003,0.47327163854109966,1.0,500,345,0.0,0.0,0.0,0.0,0.0,0.0,0.0,0.0,0
8.731314,icmp,other,SF,882,882,0,0,0,0,0,0,0,0,0,0,0,0,0,0,0,0,27,345,0.0,0.0,0.0,0.0,0.5267283614589003,0.47327163854109966,1.0,500,345,0.0,0.0,0.0,0.0,0.0,0.0,0.0,0.0,0
12.287343,other,dns,SF,261,0,0,0,0,0,0,0,0,0,0,0,0,0,0,0,0,0,22,97,0.0,0.0,0.0,0.0,0.35220468154599893,0.6477953184540011,1.0,500,97,0.0,0.0,0.0,0.0,0.0,0.0,0.0,0.0,1
8.461888,icmp,other,SF,882,882,0,0,0,0,0,0,0,0,0,0,0,0,0,0,0,0,27,345,0.0,0.0,0.0,0.0,0.5267283614589003,0.47327163854109966,1.0,500,345,0.0,0.0,0.0,0.0,0.0,0.0,0.0,0.0,0
8.302926,icmp,other,SF,882,882,0,0,0,0,0,0,0,0,0,0,0,0,0,0,0,0,29,345,0.0,0.0,0.0,0.0,0.5267283614589003,0.47327163854109966,1.0,500,345,0.0,0.0,0.0,0.0,0.0,0.0,0.0,0.0,0
8.1918,icmp,port5353,SF,882,882,0,0,0,0,0,0,0,0,0,0,0,0,0,0,0,0,41,51,0.0,0.0,0.0,0.0,0.10718562874251497,0.892814371257485,1.0,500,51,0.0,0.0,0.0,0.0,0.0,0.0,0.0,0.0,0
8.01354,icmp,other,SF,882,882,0,0,0,0,0,0,0,0,0,0,0,0,0,0,0,0,26,345,0.0,0.0,0.0,0.0,0.5267283614589003,0.47327163854109966,1.0,500,345,0.0,0.0,0.0,0.0,0.0,0.0,0.0,0.0,0
12.287813,other,dns,SF,261,0,0,0,0,0,0,0,0,0,0,0,0,0,0,0,0,0,22,97,0.0,0.0,0.0,0.0,0.35220468154599893,0.6477953184540011,1.0,500,97,0.0,0.0,0.0,0.0,0.0,0.0,0.0,0.0,1
8.751797,icmp,other,SF,882,882,0,0,0,0,0,0,0,0,0,0,0,0,0,0,0,0,27,345,0.0,0.0,0.0,0.0,0.5267283614589003,0.47327163854109966,1.0,500,345,0.0,0.0,0.0,0.0,0.0,0.0,0.0,0.0,0
8.594755,icmp,other,SF,882,882,0,0,0,0,0,0,0,0,0,0,0,0,0,0,0,0,29,345,0.0,0.0,0.0,0.0,0.5267283614589003,0.47327163854109966,1.0,500,345,0.0,0.0,0.0,0.0,0.0,0.0,0.0,0.0,0
8.458679,icmp,other,SF,882,882,0,0,0,0,0,0,0,0,0,0,0,0,0,0,0,0,29,345,0.0,0.0,0.0,0.0,0.5267283614589003,0.47327163854109966,1.0,500,345,0.0,0.0,0.0,0.0,0.0,0.0,0.0,0.0,0
8.308034,icmp,other,SF,882,882,0,0,0,0,0,0,0,0,0,0,0,0,0,0,0,0,27,345,0.0,0.0,0.0,0.0,0.5267283614589003,0.47327163854109966,1.0,500,345,0.0,0.0,0.0,0.0,0.0,0.0,0.0,0.0,0
12.288444,other,dns,SF,261,0,0,0,0,0,0,0,0,0,0,0,0,0,0,0,0,0,20,97,0.0,0.0,0.0,0.0,0.35220468154599893,0.6477953184540011,1.0,500,97,0.0,0.0,0.0,0.0,0.0,0.0,0.0,0.0,1
8.191848,icmp,other,SF,882,882,0,0,0,0,0,0,0,0,0,0,0,0,0,0,0,0,29,345,0.0,0.0,0.0,0.0,0.5267283614589003,0.47327163854109966,1.0,500,345,0.0,0.0,0.0,0.0,0.0,0.0,0.0,0.0,0
8.916915,icmp,other,SF,882,882,0,0,0,0,0,0,0,0,0,0,0,0,0,0,0,0,27,345,0.0,0.0,0.0,0.0,0.5267283614589003,0.47327163854109966,1.0,500,345,0.0,0.0,0.0,0.0,0.0,0.0,0.0,0.0,0
8.763992,icmp,port5353,SF,882,882,0,0,0,0,0,0,0,0,0,0,0,0,0,0,0,0,41,51,0.0,0.0,0.0,0.0,0.10718562874251497,0.892814371257485,1.0,500,51,0.0,0.0,0.0,0.0,0.0,0.0,0.0,0.0,0
8.612861,icmp,other,SF,882,882,0,0,0,0,0,0,0,0,0,0,0,0,0,0,0,0,29,345,0.0,0.0,0.0,0.0,0.5267283614589003,0.47327163854109966,1.0,500,345,0.0,0.0,0.0,0.0,0.0,0.0,0.0,0.0,0
12.288077,other,dns,SF,261,0,0,0,0,0,0,0,0,0,0,0,0,0,0,0,0,0,20,97,0.0,0.0,0.0,0.0,0.35220468154599893,0.6477953184540011,1.0,500,97,0.0,0.0,0.0,0.0,0.0,0.0,0.0,0.0,1
8.511907,icmp,other,SF,882,882,0,0,0,0,0,0,0,0,0,0,0,0,0,0,0,0,29,345,0.0,0.0,0.0,0.0,0.5267283614589003,0.47327163854109966,1.0,500,345,0.0,0.0,0.0,0.0,0.0,0.0,0.0,0.0,0
8.215887,icmp,other,SF,882,882,0,0,0,0,0,0,0,0,0,0,0,0,0,0,0,0,27,345,0.0,0.0,0.0,0.0,0.5267283614589003,0.47327163854109966,1.0,500,345,0.0,0.0,0.0,0.0,0.0,0.0,0.0,0.0,0
8.192263,icmp,other,SF,882,882,0,0,0,0,0,0,0,0,0,0,0,0,0,0,0,0,29,345,0.0,0.0,0.0,0.0,0.5267283614589003,0.47327163854109966,1.0,500,345,0.0,0.0,0.0,0.0,0.0,0.0,0.0,0.0,0
8.922282,icmp,other,SF,882,882,0,0,0,0,0,0,0,0,0,0,0,0,0,0,0,0,29,345,0.0,0.0,0.0,0.0,0.5267283614589003,0.47327163854109966,1.0,500,345,0.0,0.0,0.0,0.0,0.0,0.0,0.0,0.0,0
12.288208,other,dns,SF,261,0,0,0,0,0,0,0,0,0,0,0,0,0,0,0,0,0,20,97,0.0,0.0,0.0,0.0,0.35220468154599893,0.6477953184540011,1.0,500,97,0.0,0.0,0.0,0.0,0.0,0.0,0.0,0.0,1
8.649809,icmp,other,SF,882,882,0,0,0,0,0,0,0,0,0,0,0,0,0,0,0,0,27,345,0.0,0.0,0.0,0.0,0.5267283614589003,0.47327163854109966,1.0,500,345,0.0,0.0,0.0,0.0,0.0,0.0,0.0,0.0,0
8.540327,icmp,other,SF,882,882,0,0,0,0,0,0,0,0,0,0,0,0,0,0,0,0,29,345,0.0,0.0,0.0,0.0,0.5267283614589003,0.47327163854109966,1.0,500,345,0.0,0.0,0.0,0.0,0.0,0.0,0.0,0.0,0
8.365819,icmp,port5353,SF,882,882,0,0,0,0,0,0,0,0,0,0,0,0,0,0,0,0,41,51,0.0,0.0,0.0,0.0,0.10718562874251497,0.892814371257485,1.0,500,51,0.0,0.0,0.0,0.0,0.0,0.0,0.0,0.0,0
8.219148,icmp,other,SF,882,882,0,0,0,0,0,0,0,0,0,0,0,0,0,0,0,0,27,345,0.0,0.0,0.0,0.0,0.5267283614589003,0.47327163854109966,1.0,500,345,0.0,0.0,0.0,0.0,0.0,0.0,0.0,0.0,0
12.288037,other,dns,SF,261,0,0,0,0,0,0,0,0,0,0,0,0,0,0,0,0,0,22,97,0.0,0.0,0.0,0.0,0.35220468154599893,0.6477953184540011,1.0,500,97,0.0,0.0,0.0,0.0,0.0,0.0,0.0,0.0,1
8.972367,icmp,other,SF,882,882,0,0,0,0,0,0,0,0,0,0,0,0,0,0,0,0,27,345,0.0,0.0,0.0,0.0,0.5267283614589003,0.47327163854109966,1.0,500,345,0.0,0.0,0.0,0.0,0.0,0.0,0.0,0.0,0
8.810696,icmp,other,SF,882,882,0,0,0,0,0,0,0,0,0,0,0,0,0,0,0,0,29,345,0.0,0.0,0.0,0.0,0.5267283614589003,0.47327163854109966,1.0,500,345,0.0,0.0,0.0,0.0,0.0,0.0,0.0,0.0,0
8.692874,icmp,other,SF,882,882,0,0,0,0,0,0,0,0,0,0,0,0,0,0,0,0,29,345,0.0,0.0,0.0,0.0,0.5267283614589003,0.47327163854109966,1.0,500,345,0.0,0.0,0.0,0.0,0.0,0.0,0.0,0.0,0
8.537048,icmp,other,SF,882,882,0,0,0,0,0,0,0,0,0,0,0,0,0,0,0,0,27,345,0.0,0.0,0.0,0.0,0.5267283614589003,0.47327163854109966,1.0,500,345,0.0,0.0,0.0,0.0,0.0,0.0,0.0,0.0,0
12.28893,other,dns,SF,261,0,0,0,0,0,0,0,0,0,0,0,0,0,0,0,0,0,20,97,0.0,0.0,0.0,0.0,0.35220468154599893,0.6477953184540011,1.0,500,97,0.0,0.0,0.0,0.0,0.0,0.0,0.0,0.0,1
8.276623,icmp,other,SF,882,882,0,0,0,0,0,0,0,0,0,0,0,0,0,0,0,0,29,345,0.0,0.0,0.0,0.0,0.5267283614589003,0.47327163854109966,1.0,500,345,0.0,0.0,0.0,0.0,0.0,0.0,0.0,0.0,0
8.192161,icmp,other,SF,882,882,0,0,0,0,0,0,0,0,0,0,0,0,0,0,0,0,27,345,0.0,0.0,0.0,0.0,0.5267283614589003,0.47327163854109966,1.0,500,345,0.0,0.0,0.0,0.0,0.0,0.0,0.0,0.0,0
8.161572,icmp,port5353,SF,882,882,0,0,0,0,0,0,0,0,0,0,0,0,0,0,0,0,40,51,0.0,0.0,0.0,0.0,0.10718562874251497,0.892814371257485,1.0,500,51,0.0,0.0,0.0,0.0,0.0,0.0,0.0,0.0,0
8.840898,icmp,other,SF,882,882,0,0,0,0,0,0,0,0,0,0,0,0,0,0,0,0,29,345,0.0,0.0,0.0,0.0,0.5267283614589003,0.47327163854109966,1.0,500,345,0.0,0.0,0.0,0.0,0.0,0.0,0.0,0.0,0
12.288268,other,dns,SF,261,0,0,0,0,0,0,0,0,0,0,0,0,0,0,0,0,0,20,97,0.0,0.0,0.0,0.0,0.35220468154599893,0.6477953184540011,1.0,500,97,0.0,0.0,0.0,0.0,0.0,0.0,0.0,0.0,1
8.567897,icmp,other,SF,882,882,0,0,0,0,0,0,0,0,0,0,0,0,0,0,0,0,27,345,0.0,0.0,0.0,0.0,0.5267283614589003,0.47327163854109966,1.0,500,345,0.0,0.0,0.0,0.0,0.0,0.0,0.0,0.0,0
8.411134,icmp,other,SF,882,882,0,0,0,0,0,0,0,0,0,0,0,0,0,0,0,0,27,345,0.0,0.0,0.0,0.0,0.5267283614589003,0.47327163854109966,1.0,500,345,0.0,0.0,0.0,0.0,0.0,0.0,0.0,0.0,0
8.238711,icmp,other,SF,882,882,0,0,0,0,0,0,0,0,0,0,0,0,0,0,0,0,27,345,0.0,0.0,0.0,0.0,0.5267283614589003,0.47327163854109966,1.0,500,345,0.0,0.0,0.0,0.0,0.0,0.0,0.0,0.0,0
8.193476,icmp,other,SF,882,882,0,0,0,0,0,0,0,0,0,0,0,0,0,0,0,0,29,345,0.0,0.0,0.0,0.0,0.5267283614589003,0.47327163854109966,1.0,500,345,0.0,0.0,0.0,0.0,0.0,0.0,0.0,0.0,0
12.287748,other,dns,SF,261,0,0,0,0,0,0,0,0,0,0,0,0,0,0,0,0,0,20,97,0.0,0.0,0.0,0.0,0.35220468154599893,0.6477953184540011,1.0,500,97,0.0,0.0,0.0,0.0,0.0,0.0,0.0,0.0,1
8.798057,icmp,other,SF,882,882,0,0,0,0,0,0,0,0,0,0,0,0,0,0,0,0,29,345,0.0,0.0,0.0,0.0,0.5267283614589003,0.47327163854109966,1.0,500,345,0.0,0.0,0.0,0.0,0.0,0.0,0.0,0.0,0
8.630337,icmp,other,SF,882,882,0,0,0,0,0,0,0,0,0,0,0,0,0,0,0,0,27,345,0.0,0.0,0.0,0.0,0.5267283614589003,0.47327163854109966,1.0,500,345,0.0,0.0,0.0,0.0,0.0,0.0,0.0,0.0,0
8.469773,icmp,other,SF,882,882,0,0,0,0,0,0,0,0,0,0,0,0,0,0,0,0,27,345,0.0,0.0,0.0,0.0,0.5267283614589003,0.47327163854109966,1.0,500,345,0.0,0.0,0.0,0.0,0.0,0.0,0.0,0.0,0
8.296158,icmp,other,SF,882,882,0,0,0,0,0,0,0,0,0,0,0,0,0,0,0,0,27,345,0.0,0.0,0.0,0.0,0.5267283614589003,0.47327163854109966,1.0,500,345,0.0,0.0,0.0,0.0,0.0,0.0,0.0,0.0,0
12.287928,other,dns,SF,261,0,0,0,0,0,0,0,0,0,0,0,0,0,0,0,0,0,20,97,0.0,0.0,0.0,0.0,0.35220468154599893,0.6477953184540011,1.0,500,97,0.0,0.0,0.0,0.0,0.0,0.0,0.0,0.0,1
8.19215,icmp,other,SF,882,882,0,0,0,0,0,0,0,0,0,0,0,0,0,0,0,0,29,345,0.0,0.0,0.0,0.0,0.5267283614589003,0.47327163854109966,1.0,500,345,0.0,0.0,0.0,0.0,0.0,0.0,0.0,0.0,0
8.904692,icmp,other,SF,882,882,0,0,0,0,0,0,0,0,0,0,0,0,0,0,0,0,27,345,0.0,0.0,0.0,0.0,0.5267283614589003,0.47327163854109966,1.0,500,345,0.0,0.0,0.0,0.0,0.0,0.0,0.0,0.0,0
8.736796,icmp,other,SF,882,882,0,0,0,0,0,0,0,0,0,0,0,0,0,0,0,0,27,345,0.0,0.0,0.0,0.0,0.5267283614589003,0.47327163854109966,1.0,500,345,0.0,0.0,0.0,0.0,0.0,0.0,0.0,0.0,0
8.556023,icmp,other,SF,882,882,0,0,0,0,0,0,0,0,0,0,0,0,0,0,0,0,27,345,0.0,0.0,0.0,0.0,0.5267283614589003,0.47327163854109966,1.0,500,345,0.0,0.0,0.0,0.0,0.0,0.0,0.0,0.0,0
12.288034,other,dns,SF,261,0,0,0,0,0,0,0,0,0,0,0,0,0,0,0,0,0,20,97,0.0,0.0,0.0,0.0,0.35220468154599893,0.6477953184540011,1.0,500,97,0.0,0.0,0.0,0.0,0.0,0.0,0.0,0.0,1
8.234938,icmp,other,SF,882,882,0,0,0,0,0,0,0,0,0,0,0,0,0,0,0,0,29,345,0.0,0.0,0.0,0.0,0.5267283614589003,0.47327163854109966,1.0,500,345,0.0,0.0,0.0,0.0,0.0,0.0,0.0,0.0,0
8.191799,icmp,port138,SF,882,882,0,0,0,0,0,0,0,0,0,0,0,0,0,0,0,0,28,2,0.0,0.0,0.0,0.0,0.0031573217201959717,0.996842678279804,1.0,500,2,0.0,0.0,0.0,0.0,0.0,0.0,0.0,0.0,0
9.023726,icmp,other,SF,882,882,0,0,0,0,0,0,0,0,0,0,0,0,0,0,0,0,29,345,0.0,0.0,0.0,0.0,0.5267283614589003,0.47327163854109966,1.0,500,345,0.0,0.0,0.0,0.0,0.0,0.0,0.0,0.0,0
8.759849,icmp,port5353,SF,882,882,0,0,0,0,0,0,0,0,0,0,0,0,0,0,0,0,39,51,0.0,0.0,0.0,0.0,0.10718562874251497,0.892814371257485,1.0,500,51,0.0,0.0,0.0,0.0,0.0,0.0,0.0,0.0,0
12.287229,other,dns,SF,261,0,0,0,0,0,0,0,0,0,0,0,0,0,0,0,0,0,20,97,0.0,0.0,0.0,0.0,0.35220468154599893,0.6477953184540011,1.0,500,97,0.0,0.0,0.0,0.0,0.0,0.0,0.0,0.0,1
8.45276,icmp,other,SF,882,882,0,0,0,0,0,0,0,0,0,0,0,0,0,0,0,0,29,345,0.0,0.0,0.0,0.0,0.5267283614589003,0.47327163854109966,1.0,500,345,0.0,0.0,0.0,0.0,0.0,0.0,0.0,0.0,0
8.278824,icmp,other,SF,882,882,0,0,0,0,0,0,0,0,0,0,0,0,0,0,0,0,27,345,0.0,0.0,0.0,0.0,0.5267283614589003,0.47327163854109966,1.0,500,345,0.0,0.0,0.0,0.0,0.0,0.0,0.0,0.0,0
9.057798,icmp,other,SF,882,882,0,0,0,0,0,0,0,0,0,0,0,0,0,0,0,0,29,345,0.0,0.0,0.0,0.0,0.5267283614589003,0.47327163854109966,1.0,500,345,0.0,0.0,0.0,0.0,0.0,0.0,0.0,0.0,0
8.981206,icmp,other,SF,882,882,0,0,0,0,0,0,0,0,0,0,0,0,0,0,0,0,27,345,0.0,0.0,0.0,0.0,0.5267283614589003,0.47327163854109966,1.0,500,345,0.0,0.0,0.0,0.0,0.0,0.0,0.0,0.0,0
12.287966,other,dns,SF,261,0,0,0,0,0,0,0,0,0,0,0,0,0,0,0,0,0,20,97,0.0,0.0,0.0,0.0,0.35220468154599893,0.6477953184540011,1.0,500,97,0.0,0.0,0.0,0.0,0.0,0.0,0.0,0.0,1
8.670806,icmp,other,SF,882,882,0,0,0,0,0,0,0,0,0,0,0,0,0,0,0,0,29,345,0.0,0.0,0.0,0.0,0.5267283614589003,0.47327163854109966,1.0,500,345,0.0,0.0,0.0,0.0,0.0,0.0,0.0,0.0,0
8.496855,icmp,other,SF,882,882,0,0,0,0,0,0,0,0,0,0,0,0,0,0,0,0,27,345,0.0,0.0,0.0,0.0,0.5267283614589003,0.47327163854109966,1.0,500,345,0.0,0.0,0.0,0.0,0.0,0.0,0.0,0.0,0
8.34338,icmp,other,SF,882,882,0,0,0,0,0,0,0,0,0,0,0,0,0,0,0,0,27,345,0.0,0.0,0.0,0.0,0.5267283614589003,0.47327163854109966,1.0,500,345,0.0,0.0,0.0,0.0,0.0,0.0,0.0,0.0,0
8.192607,icmp,port5353,SF,882,882,0,0,0,0,0,0,0,0,0,0,0,0,0,0,0,0,41,51,0.0,0.0,0.0,0.0,0.10718562874251497,0.892814371257485,1.0,500,51,0.0,0.0,0.0,0.0,0.0,0.0,0.0,0.0,0
11.260341,other,dns,SF,261,0,0,0,0,0,0,0,0,0,0,0,0,0,0,0,0,0,21,97,0.0,0.0,0.0,0.0,0.35220468154599893,0.6477953184540011,1.0,500,97,0.0,0.0,0.0,0.0,0.0,0.0,0.0,0.0,1
8.880861,icmp,other,SF,882,882,0,0,0,0,0,0,0,0,0,0,0,0,0,0,0,0,27,345,0.0,0.0,0.0,0.0,0.5267283614589003,0.47327163854109966,1.0,500,345,0.0,0.0,0.0,0.0,0.0,0.0,0.0,0.0,0
8.697743,icmp,port5353,SF,882,882,0,0,0,0,0,0,0,0,0,0,0,0,0,0,0,0,34,51,0.0,0.0,0.0,0.0,0.10718562874251497,0.892814371257485,1.0,500,51,0.0,0.0,0.0,0.0,0.0,0.0,0.0,0.0,0
8.551095,icmp,port1900,SF,882,882,0,0,0,0,0,0,0,0,0,0,0,0,0,0,0,0,28,2,0.0,0.0,0.0,0.0,0.0031573217201959717,0.996842678279804,1.0,500,2,0.0,0.0,0.0,0.0,0.0,0.0,0.0,0.0,0
8.389366,icmp,other,SF,882,882,0,0,0,0,0,0,0,0,0,0,0,0,0,0,0,0,29,345,0.0,0.0,0.0,0.0,0.5267283614589003,0.47327163854109966,1.0,500,345,0.0,0.0,0.0,0.0,0.0,0.0,0.0,0.0,0
12.288938,other,dns,SF,261,0,0,0,0,0,0,0,0,0,0,0,0,0,0,0,0,0,20,97,0.0,0.0,0.0,0.0,0.35220468154599893,0.6477953184540011,1.0,500,97,0.0,0.0,0.0,0.0,0.0,0.0,0.0,0.0,1
8.192238,icmp,other,SF,882,882,0,0,0,0,0,0,0,0,0,0,0,0,0,0,0,0,27,345,0.0,0.0,0.0,0.0,0.5267283614589003,0.47327163854109966,1.0,500,345,0.0,0.0,0.0,0.0,0.0,0.0,0.0,0.0,0
8.980884,icmp,other,SF,882,882,0,0,0,0,0,0,0,0,0,0,0,0,0,0,0,0,29,345,0.0,0.0,0.0,0.0,0.5267283614589003,0.47327163854109966,1.0,500,345,0.0,0.0,0.0,0.0,0.0,0.0,0.0,0.0,0
8.81282,icmp,other,SF,882,882,0,0,0,0,0,0,0,0,0,0,0,0,0,0,0,0,27,345,0.0,0.0,0.0,0.0,0.5267283614589003,0.47327163854109966,1.0,500,345,0.0,0.0,0.0,0.0,0.0,0.0,0.0,0.0,0
8.668861,icmp,other,SF,882,882,0,0,0,0,0,0,0,0,0,0,0,0,0,0,0,0,29,345,0.0,0.0,0.0,0.0,0.5267283614589003,0.47327163854109966,1.0,500,345,0.0,0.0,0.0,0.0,0.0,0.0,0.0,0.0,0
12.346832,other,port5353,SF,261,0,0,0,0,0,0,0,0,0,0,0,0,0,0,0,0,0,32,51,0.0,0.0,0.0,0.0,0.10718562874251497,0.892814371257485,1.0,500,51,0.0,0.0,0.0,0.0,0.0,0.0,0.0,0.0,1
8.389141,icmp,other,SF,882,882,0,0,0,0,0,0,0,0,0,0,0,0,0,0,0,0,29,345,0.0,0.0,0.0,0.0,0.5267283614589003,0.47327163854109966,1.0,500,345,0.0,0.0,0.0,0.0,0.0,0.0,0.0,0.0,0
8.218794,icmp,other,SF,882,882,0,0,0,0,0,0,0,0,0,0,0,0,0,0,0,0,27,345,0.0,0.0,0.0,0.0,0.5267283614589003,0.47327163854109966,1.0,500,345,0.0,0.0,0.0,0.0,0.0,0.0,0.0,0.0,0
8.191356,icmp,other,SF,882,882,0,0,0,0,0,0,0,0,0,0,0,0,0,0,0,0,27,345,0.0,0.0,0.0,0.0,0.5267283614589003,0.47327163854109966,1.0,500,345,0.0,0.0,0.0,0.0,0.0,0.0,0.0,0.0,0
8.924943,icmp,other,SF,882,882,0,0,0,0,0,0,0,0,0,0,0,0,0,0,0,0,29,345,0.0,0.0,0.0,0.0,0.5267283614589003,0.47327163854109966,1.0,500,345,0.0,0.0,0.0,0.0,0.0,0.0,0.0,0.0,0
12.288366,other,dns,SF,261,0,0,0,0,0,0,0,0,0,0,0,0,0,0,0,0,0,20,97,0.0,0.0,0.0,0.0,0.35220468154599893,0.6477953184540011,1.0,500,97,0.0,0.0,0.0,0.0,0.0,0.0,0.0,0.0,1
8.652024,icmp,other,SF,882,882,0,0,0,0,0,0,0,0,0,0,0,0,0,0,0,0,29,345,0.0,0.0,0.0,0.0,0.5267283614589003,0.47327163854109966,1.0,500,345,0.0,0.0,0.0,0.0,0.0,0.0,0.0,0.0,0
8.505977,icmp,other,SF,882,882,0,0,0,0,0,0,0,0,0,0,0,0,0,0,0,0,27,345,0.0,0.0,0.0,0.0,0.5267283614589003,0.47327163854109966,1.0,500,345,0.0,0.0,0.0,0.0,0.0,0.0,0.0,0.0,0
8.352016,icmp,other,SF,882,882,0,0,0,0,0,0,0,0,0,0,0,0,0,0,0,0,27,345,0.0,0.0,0.0,0.0,0.5267283614589003,0.47327163854109966,1.0,500,345,0.0,0.0,0.0,0.0,0.0,0.0,0.0,0.0,0
8.228618,icmp,other,SF,882,882,0,0,0,0,0,0,0,0,0,0,0,0,0,0,0,0,29,345,0.0,0.0,0.0,0.0,0.5267283614589003,0.47327163854109966,1.0,500,345,0.0,0.0,0.0,0.0,0.0,0.0,0.0,0.0,0
12.287993,other,port5353,SF,261,0,0,0,0,0,0,0,0,0,0,0,0,0,0,0,0,0,34,51,0.0,0.0,0.0,0.0,0.10718562874251497,0.892814371257485,1.0,500,51,0.0,0.0,0.0,0.0,0.0,0.0,0.0,0.0,1
8.976707,icmp,other,SF,882,882,0,0,0,0,0,0,0,0,0,0,0,0,0,0,0,0,27,345,0.0,0.0,0.0,0.0,0.5267283614589003,0.47327163854109966,1.0,500,345,0.0,0.0,0.0,0.0,0.0,0.0,0.0,0.0,0
8.832269,icmp,other,SF,882,882,0,0,0,0,0,0,0,0,0,0,0,0,0,0,0,0,27,345,0.0,0.0,0.0,0.0,0.5267283614589003,0.47327163854109966,1.0,500,345,0.0,0.0,0.0,0.0,0.0,0.0,0.0,0.0,0
8.668165,icmp,other,SF,882,882,0,0,0,0,0,0,0,0,0,0,0,0,0,0,0,0,29,345,0.0,0.0,0.0,0.0,0.5267283614589003,0.47327163854109966,1.0,500,345,0.0,0.0,0.0,0.0,0.0,0.0,0.0,0.0,0
8.505734,icmp,other,SF,882,882,0,0,0,0,0,0,0,0,0,0,0,0,0,0,0,0,27,345,0.0,0.0,0.0,0.0,0.5267283614589003,0.47327163854109966,1.0,500,345,0.0,0.0,0.0,0.0,0.0,0.0,0.0,0.0,0
12.288001,other,dns,SF,261,0,0,0,0,0,0,0,0,0,0,0,0,0,0,0,0,0,20,97,0.0,0.0,0.0,0.0,0.35220468154599893,0.6477953184540011,1.0,500,97,0.0,0.0,0.0,0.0,0.0,0.0,0.0,0.0,1
